subject,trial,file,status,side,duration_s,fs_hz,acc_scale,acc_scale_source,hs,to,threshold_source,strides,accepted,stride_length_m,stride_length_sd_m,stride_height_cm,stride_height_sd_cm,stride_time_s,stance_pct,total_distance_m,peaks_in_stance,warnings
09g,trial_001_left.csv,data\09g\trial_001_left.csv,empty file (sensor not recording?),,,,,,,,,,,,,,,,,,,
09g,trial_001_right.csv,data\09g\trial_001_right.csv,ok,right,24.9,31.8,0.7458,standing phase,14.0,13.0,G:\Aditya'sproj\rymo_connection_and_calib\config\event_threshold.yml (not stored in CSV - must match the yml used at recording time),13.0,12.0,1.066,0.309,11.0,2.4,1.331,67.6,13.78,2.0,foot height dips to -4 cm on average (sensor saturation / gravity leak) - stride height is indicative only
09g,trial_002_left.csv,data\09g\trial_002_left.csv,empty file (sensor not recording?),,,,,,,,,,,,,,,,,,,
09g,trial_002_right.csv,data\09g\trial_002_right.csv,empty file (sensor not recording?),,,,,,,,,,,,,,,,,,,
aditya00,trial_001_left.csv,data\aditya00\trial_001_left.csv,empty file (sensor not recording?),,,,,,,,,,,,,,,,,,,
aditya00,trial_001_right.csv,data\aditya00\trial_001_right.csv,ok,right,24.83,31.1,0.7498,standing phase,14.0,13.0,G:\Aditya'sproj\rymo_connection_and_calib\config\event_threshold.yml (not stored in CSV - must match the yml used at recording time),13.0,11.0,1.115,0.181,9.1,3.1,1.309,68.3,12.85,5.0,5/11 height peaks fall in stance (before TO): TO detected late or height integration unreliable - treat stride height as indicative | foot height dips to -6 cm on average (sensor saturation / gravity leak) - stride height is indicative only
aditya00,trial_002_left.csv,data\aditya00\trial_002_left.csv,empty file (sensor not recording?),,,,,,,,,,,,,,,,,,,
aditya00,trial_002_right.csv,data\aditya00\trial_002_right.csv,empty file (sensor not recording?),,,,,,,,,,,,,,,,,,,
adityawalki2,trial_001_left.csv,data\adityawalki2\trial_001_left.csv,empty file (sensor not recording?),,,,,,,,,,,,,,,,,,,
adityawalki2,trial_001_right.csv,data\adityawalki2\trial_001_right.csv,no accepted strides,right,24.9,12.0,0.7483,standing phase,3.0,2.0,this trial's walking data (auto),,,,,,,,,,,"low sample rate 12.0 Hz (< 25) - strides will be rejected / unreliable, re-record this trial | configured thresholds do not fit this subject (4 HS for 17 s of walking (expected ~14)); used thresholds from this trial instead | no accepted strides - check the reject reasons in the CSV"
adityawalki2,trial_002_left.csv,data\adityawalki2\trial_002_left.csv,empty file (sensor not recording?),,,,,,,,,,,,,,,,,,,
adityawalki2,trial_002_right.csv,data\adityawalki2\trial_002_right.csv,empty file (sensor not recording?),,,,,,,,,,,,,,,,,,,
adityawalking00,trial_001_left.csv,data\adityawalking00\trial_001_left.csv,empty file (sensor not recording?),,,,,,,,,,,,,,,,,,,
adityawalking00,trial_001_right.csv,data\adityawalking00\trial_001_right.csv,ok,right,24.9,30.2,0.7591,standing phase,15.0,14.0,G:\Aditya'sproj\rymo_connection_and_calib\config\event_threshold.yml (not stored in CSV - must match the yml used at recording time),14.0,12.0,0.837,0.244,9.6,4.2,1.219,64.1,12.3,3.0,foot height dips to -4 cm on average (sensor saturation / gravity leak) - stride height is indicative only
adityawalking00,trial_002_left.csv,data\adityawalking00\trial_002_left.csv,empty file (sensor not recording?),,,,,,,,,,,,,,,,,,,
adityawalking00,trial_002_right.csv,data\adityawalking00\trial_002_right.csv,empty file (sensor not recording?),,,,,,,,,,,,,,,,,,,
adityawalking1,trial_001_left.csv,data\adityawalking1\trial_001_left.csv,empty file (sensor not recording?),,,,,,,,,,,,,,,,,,,
adityawalking1,trial_001_right.csv,data\adityawalking1\trial_001_right.csv,ok,right,24.9,32.2,0.759,standing phase,13.0,12.0,G:\Aditya'sproj\rymo_connection_and_calib\config\event_threshold.yml (not stored in CSV - must match the yml used at recording time),12.0,10.0,1.048,0.316,10.7,3.6,1.335,66.3,14.37,2.0,foot height dips to -4 cm on average (sensor saturation / gravity leak) - stride height is indicative only
adityawalking1,trial_002_left.csv,data\adityawalking1\trial_002_left.csv,empty file (sensor not recording?),,,,,,,,,,,,,,,,,,,
adityawalking1,trial_002_right.csv,data\adityawalking1\trial_002_right.csv,empty file (sensor not recording?),,,,,,,,,,,,,,,,,,,
datafromolddata/finalwalk,trial_001_left.csv,data\datafromolddata\finalwalk\trial_001_left.csv,empty file (sensor not recording?),,,,,,,,,,,,,,,,,,,
datafromolddata/finalwalk,trial_001_right.csv,data\datafromolddata\finalwalk\trial_001_right.csv,ok,right,24.9,33.4,1.3911,standing phase,11.0,9.0,G:\Aditya'sproj\rymo_connection_and_calib\config\event_threshold.yml (not stored in CSV - must match the yml used at recording time),10.0,4.0,1.813,0.436,7.7,3.5,1.201,67.3,23.1,0.0,foot height dips to -8 cm on average (sensor saturation / gravity leak) - stride height is indicative only
datafromolddata/finalwalk,trial_002_left.csv,data\datafromolddata\finalwalk\trial_002_left.csv,empty file (sensor not recording?),,,,,,,,,,,,,,,,,,,
datafromolddata/finalwalk,trial_002_right.csv,data\datafromolddata\finalwalk\trial_002_right.csv,empty file (sensor not recording?),,,,,,,,,,,,,,,,,,,
datafromolddata/fw,trial_001_left.csv,data\datafromolddata\fw\trial_001_left.csv,empty file (sensor not recording?),,,,,,,,,,,,,,,,,,,
datafromolddata/fw,trial_001_right.csv,data\datafromolddata\fw\trial_001_right.csv,ok,right,24.98,32.9,1.3876,standing phase,14.0,14.0,G:\Aditya'sproj\rymo_connection_and_calib\config\event_threshold.yml (not stored in CSV - must match the yml used at recording time),13.0,11.0,1.771,0.411,14.5,10.6,1.248,63.3,23.81,0.0,foot height dips to -8 cm on average (sensor saturation / gravity leak) - stride height is indicative only
datafromolddata/fw,trial_002_left.csv,data\datafromolddata\fw\trial_002_left.csv,empty file (sensor not recording?),,,,,,,,,,,,,,,,,,,
datafromolddata/fw,trial_002_right.csv,data\datafromolddata\fw\trial_002_right.csv,empty file (sensor not recording?),,,,,,,,,,,,,,,,,,,
datafromolddata/perfectslow,trial_001_left.csv,data\datafromolddata\perfectslow\trial_001_left.csv,empty file (sensor not recording?),,,,,,,,,,,,,,,,,,,
datafromolddata/perfectslow,trial_001_right.csv,data\datafromolddata\perfectslow\trial_001_right.csv,ok,right,24.98,32.0,1.3897,standing phase,13.0,12.0,G:\Aditya'sproj\rymo_connection_and_calib\config\event_threshold.yml (not stored in CSV - must match the yml used at recording time),12.0,9.0,2.024,0.304,12.9,5.9,1.342,62.2,25.85,0.0,foot height dips to -9 cm on average (sensor saturation / gravity leak) - stride height is indicative only
datafromolddata/perfectslow,trial_002_left.csv,data\datafromolddata\perfectslow\trial_002_left.csv,empty file (sensor not recording?),,,,,,,,,,,,,,,,,,,
datafromolddata/perfectslow,trial_002_right.csv,data\datafromolddata\perfectslow\trial_002_right.csv,empty file (sensor not recording?),,,,,,,,,,,,,,,,,,,
datafromolddata/slowwalk,trial_001_left.csv,data\datafromolddata\slowwalk\trial_001_left.csv,empty file (sensor not recording?),,,,,,,,,,,,,,,,,,,
datafromolddata/slowwalk,trial_001_right.csv,data\datafromolddata\slowwalk\trial_001_right.csv,ok,right,24.83,32.8,1.3856,standing phase,10.0,10.0,G:\Aditya'sproj\rymo_connection_and_calib\config\event_threshold.yml (not stored in CSV - must match the yml used at recording time),9.0,7.0,1.524,0.608,14.4,7.1,1.437,70.1,17.05,0.0,foot height dips to -7 cm on average (sensor saturation / gravity leak) - stride height is indicative only
datafromolddata/slowwalk,trial_002_left.csv,data\datafromolddata\slowwalk\trial_002_left.csv,empty file (sensor not recording?),,,,,,,,,,,,,,,,,,,
datafromolddata/slowwalk,trial_002_right.csv,data\datafromolddata\slowwalk\trial_002_right.csv,empty file (sensor not recording?),,,,,,,,,,,,,,,,,,,
datafromolddata/waling03,trial_001_left.csv,data\datafromolddata\waling03\trial_001_left.csv,empty file (sensor not recording?),,,,,,,,,,,,,,,,,,,
datafromolddata/waling03,trial_001_right.csv,data\datafromolddata\waling03\trial_001_right.csv,ok,right,24.98,32.0,1.0103,standing phase,13.0,13.0,G:\Aditya'sproj\rymo_connection_and_calib\config\event_threshold.yml (not stored in CSV - must match the yml used at recording time),12.0,11.0,0.911,0.358,22.9,10.0,1.391,53.9,10.84,6.0,6/11 height peaks fall in stance (before TO): TO detected late or height integration unreliable - treat stride height as indicative | foot height dips to -9 cm on average (sensor saturation / gravity leak) - stride height is indicative only
datafromolddata/waling03,trial_002_left.csv,data\datafromolddata\waling03\trial_002_left.csv,empty file (sensor not recording?),,,,,,,,,,,,,,,,,,,
datafromolddata/waling03,trial_002_right.csv,data\datafromolddata\waling03\trial_002_right.csv,empty file (sensor not recording?),,,,,,,,,,,,,,,,,,,
datafromolddata/walkin02,trial_001_left.csv,data\datafromolddata\walkin02\trial_001_left.csv,empty file (sensor not recording?),,,,,,,,,,,,,,,,,,,
datafromolddata/walkin02,trial_001_right.csv,data\datafromolddata\walkin02\trial_001_right.csv,ok,right,24.91,31.3,1.0877,standing phase,14.0,13.0,G:\Aditya'sproj\rymo_connection_and_calib\config\event_threshold.yml (not stored in CSV - must match the yml used at recording time),13.0,11.0,0.927,0.403,24.2,11.4,1.2,60.1,13.97,6.0,6/11 height peaks fall in stance (before TO): TO detected late or height integration unreliable - treat stride height as indicative | foot height dips to -5 cm on average (sensor saturation / gravity leak) - stride height is indicative only
datafromolddata/walkin02,trial_002_left.csv,data\datafromolddata\walkin02\trial_002_left.csv,empty file (sensor not recording?),,,,,,,,,,,,,,,,,,,
datafromolddata/walkin02,trial_002_right.csv,data\datafromolddata\walkin02\trial_002_right.csv,empty file (sensor not recording?),,,,,,,,,,,,,,,,,,,
datafromolddata/walkinghaibe01,trial_001_left.csv,data\datafromolddata\walkinghaibe01\trial_001_left.csv,empty file (sensor not recording?),,,,,,,,,,,,,,,,,,,
datafromolddata/walkinghaibe01,trial_001_right.csv,data\datafromolddata\walkinghaibe01\trial_001_right.csv,ok,right,24.97,21.2,1.1666,standing phase,10.0,7.0,G:\Aditya'sproj\rymo_connection_and_calib\config\event_threshold.yml (not stored in CSV - must match the yml used at recording time),9.0,2.0,0.823,0.103,11.1,6.7,1.01,67.1,11.32,2.0,"low sample rate 21.2 Hz (< 25) - strides will be rejected / unreliable, re-record this trial | 2/2 height peaks fall in stance (before TO): TO detected late or height integration unreliable - treat stride height as indicative | foot height dips to -4 cm on average (sensor saturation / gravity leak) - stride height is indicative only"
datafromolddata/walkinghaibe01,trial_002_left.csv,data\datafromolddata\walkinghaibe01\trial_002_left.csv,empty file (sensor not recording?),,,,,,,,,,,,,,,,,,,
datafromolddata/walkinghaibe01,trial_002_right.csv,data\datafromolddata\walkinghaibe01\trial_002_right.csv,empty file (sensor not recording?),,,,,,,,,,,,,,,,,,,
datawithaccacli/conswal2,trial_001_left.csv,data\datawithaccacli\conswal2\trial_001_left.csv,empty file (sensor not recording?),,,,,,,,,,,,,,,,,,,
datawithaccacli/conswal2,trial_001_right.csv,data\datawithaccacli\conswal2\trial_001_right.csv,ok,right,24.98,33.2,1.0771,standing phase,13.0,13.0,G:\Aditya'sproj\rymo_connection_and_calib\config\event_threshold.yml (not stored in CSV - must match the yml used at recording time),12.0,11.0,1.092,0.41,20.0,5.9,1.322,64.4,13.39,4.0,4/11 height peaks fall in stance (before TO): TO detected late or height integration unreliable - treat stride height as indicative
datawithaccacli/conswal2,trial_002_left.csv,data\datawithaccacli\conswal2\trial_002_left.csv,empty file (sensor not recording?),,,,,,,,,,,,,,,,,,,
datawithaccacli/conswal2,trial_002_right.csv,data\datawithaccacli\conswal2\trial_002_right.csv,empty file (sensor not recording?),,,,,,,,,,,,,,,,,,,
datawithaccacli/conswal,trial_001_left.csv,data\datawithaccacli\conswal\trial_001_left.csv,empty file (sensor not recording?),,,,,,,,,,,,,,,,,,,
datawithaccacli/conswal,trial_001_right.csv,data\datawithaccacli\conswal\trial_001_right.csv,ok,right,24.91,33.3,1.1401,standing phase,14.0,13.0,G:\Aditya'sproj\rymo_connection_and_calib\config\event_threshold.yml (not stored in CSV - must match the yml used at recording time),13.0,12.0,1.087,0.23,23.3,8.3,1.244,62.8,14.41,1.0,foot height dips to -7 cm on average (sensor saturation / gravity leak) - stride height is indicative only
datawithaccacli/conswal,trial_002_left.csv,data\datawithaccacli\conswal\trial_002_left.csv,empty file (sensor not recording?),,,,,,,,,,,,,,,,,,,
datawithaccacli/conswal,trial_002_right.csv,data\datawithaccacli\conswal\trial_002_right.csv,empty file (sensor not recording?),,,,,,,,,,,,,,,,,,,
datawithaccacli/coswal3,trial_001_left.csv,data\datawithaccacli\coswal3\trial_001_left.csv,empty file (sensor not recording?),,,,,,,,,,,,,,,,,,,
datawithaccacli/coswal3,trial_001_right.csv,data\datawithaccacli\coswal3\trial_001_right.csv,ok,right,24.98,33.7,1.078,standing phase,13.0,12.0,G:\Aditya'sproj\rymo_connection_and_calib\config\event_threshold.yml (not stored in CSV - must match the yml used at recording time),12.0,11.0,1.056,0.282,18.4,5.0,1.336,68.3,12.93,3.0,foot height dips to -5 cm on average (sensor saturation / gravity leak) - stride height is indicative only
datawithaccacli/coswal3,trial_002_left.csv,data\datawithaccacli\coswal3\trial_002_left.csv,empty file (sensor not recording?),,,,,,,,,,,,,,,,,,,
datawithaccacli/coswal3,trial_002_right.csv,data\datawithaccacli\coswal3\trial_002_right.csv,empty file (sensor not recording?),,,,,,,,,,,,,,,,,,,
