sample_index,elapsed_us_from_start_trigger,ax_raw,ay_raw,az_raw,gx_raw,gy_raw,gz_raw
0,15962,-80,-253,8184,-18,2,-3
1,28066,-74,-261,8187,-20,2,-3
2,40170,-78,-260,8195,-19,2,-3
3,52261,-88,-272,8181,-15,1,-4
4,64390,-108,-263,8173,-18,-2,-4
5,76517,-108,-263,8181,-19,1,-3
6,88624,-104,-272,8176,-19,0,-2
7,100728,-98,-216,8164,-22,1,-2
8,112840,-107,-242,8181,-20,2,-2
9,124934,-118,-275,8183,-13,2,-1
10,137044,-109,-232,8171,-17,3,-1
11,149143,-100,-241,8189,-12,4,0
12,161229,-105,-264,8175,-15,3,0
13,173354,-96,-263,8178,-17,5,0
14,185472,-95,-272,8177,-15,5,0
15,197566,-98,-269,8174,-16,5,0
16,209646,-77,-266,8178,-17,5,0
17,221744,-76,-265,8169,-17,5,-1
18,233873,-85,-267,8170,-17,4,-1
19,245991,-93,-263,8178,-20,3,1
20,258095,-96,-262,8179,-20,2,2
21,270185,-88,-263,8173,-20,3,2
22,282319,-88,-265,8168,-19,3,1
23,294424,-91,-260,8164,-21,3,0
24,306551,-98,-256,8170,-21,4,0
25,318649,-95,-261,8176,-20,4,0
26,330751,-95,-263,8178,-19,3,1
27,342897,-102,-259,8180,-18,3,1
28,355022,-109,-254,8184,-19,3,0
29,367117,-109,-253,8181,-19,3,0
30,379223,-108,-258,8177,-19,2,0
31,391333,-104,-258,8185,-18,1,0
32,403467,-103,-258,8191,-17,2,-1
33,415589,-101,-259,8189,-17,4,-1
34,427684,-97,-261,8182,-18,4,-1
35,439786,-96,-255,8182,-19,4,-2
36,451922,-95,-255,8183,-19,3,-2
37,464050,-93,-257,8181,-18,1,-1
38,476146,-96,-261,8179,-17,2,-1
39,488259,-99,-272,8179,-17,3,-2
40,500365,-92,-270,8185,-17,5,-2
41,512507,-91,-266,8181,-17,5,-1
42,524620,-93,-268,8173,-19,4,0
43,536724,-92,-267,8175,-19,4,0
44,548836,-89,-261,8174,-18,4,0
45,560947,-93,-259,8178,-17,3,1
46,573087,-103,-261,8190,-19,4,3
47,585190,-106,-264,8188,-20,5,3
48,597293,-109,-256,8188,-20,5,2
49,609392,-107,-253,8189,-19,5,1
50,621527,-98,-252,8186,-18,5,1
51,633635,-95,-254,8176,-18,4,1
52,645740,-102,-255,8176,-19,5,1
53,657844,-102,-257,8174,-19,5,0
54,669946,-97,-257,8178,-18,5,0
55,682085,-93,-258,8182,-18,5,0
56,694190,-91,-254,8184,-18,5,0
57,706296,-92,-249,8184,-18,4,0
58,718401,-93,-257,8180,-18,4,-1
59,730527,-93,-257,8183,-18,4,-2
60,742625,-96,-256,8183,-19,4,0
61,754726,-95,-252,8185,-19,5,0
62,766825,-86,-258,8186,-18,5,0
63,778927,-87,-238,8156,-17,4,0
64,791058,-97,-214,8130,-8,2,0
65,803157,-91,-186,8105,62,-16,3
66,815259,-86,-209,8155,100,-27,3
67,827363,-95,-316,8212,84,-18,3
68,839467,-79,-266,8155,56,-12,2
69,851600,-114,-310,8223,69,-24,1
70,863708,-120,-358,8220,49,-20,0
71,875811,-113,-361,8191,0,-5,0
72,887914,-115,-397,8244,-42,10,-1
73,900048,-104,-349,8193,-94,26,-1
74,912158,-69,-188,8109,-100,19,0
75,924262,-109,-223,8184,-46,3,1
76,936368,-122,-287,8177,-42,6,0
77,948475,-116,-276,8204,-46,12,-1
78,960611,-106,-268,8186,-44,16,0
79,972719,-112,-261,8171,-38,12,1
80,984823,-105,-261,8163,-30,11,0
81,996925,-112,-280,8169,-21,7,-1
82,1009035,-106,-284,8186,-17,6,-1
83,1021162,-98,-282,8173,-16,5,-2
84,1033269,-95,-281,8165,-13,5,0
85,1045376,-92,-290,8185,-11,5,1
86,1057486,-94,-323,8169,-12,4,1
87,1069619,-91,-382,8138,-27,3,0
88,1081725,-104,-309,8148,-108,3,0
89,1093835,-102,-180,8204,-75,2,1
90,1105946,-114,-318,8151,-50,-3,1
91,1118065,-131,-229,8205,-74,-4,0
92,1130197,-119,-197,8231,-74,0,0
93,1142305,-116,-226,8201,-15,-1,1
94,1154412,-111,-245,8199,-7,0,1
95,1166523,-123,-252,8177,-16,0,0
96,1178650,-112,-230,8177,-28,3,-1
97,1190751,-101,-236,8186,-15,9,0
98,1202854,-101,-266,8197,-18,10,-1
99,1214962,-117,-238,8176,-29,9,-2
100,1227077,-119,-225,8171,-27,9,-2
101,1239202,-114,-251,8186,-14,9,-1
102,1251315,-102,-274,8209,-15,7,-1
103,1263426,-93,-258,8181,-24,6,-1
104,1275547,-98,-252,8174,-26,7,-1
105,1287665,-95,-240,8184,-28,7,-1
106,1299789,-90,-233,8185,-17,4,0
107,1311894,-86,-240,8195,-11,3,0
108,1324004,-104,-250,8170,-9,2,1
109,1336112,-105,-248,8182,-11,3,0
110,1348229,-108,-241,8182,-15,2,-1
111,1360339,-108,-244,8191,-17,2,-2
112,1372447,-110,-246,8198,-19,3,-1
113,1384559,-102,-240,8185,-20,4,0
114,1396679,-98,-213,8197,-18,4,0
115,1408795,-102,-187,8202,-6,3,0
116,1420902,-106,-221,8183,43,3,0
117,1433011,-108,-263,8168,43,2,0
118,1445123,-118,-255,8174,41,2,0
119,1457238,-117,-267,8173,45,3,1
120,1469350,-108,-297,8174,43,0,1
121,1481463,-101,-321,8178,24,-3,1
122,1493572,-113,-300,8194,1,-3,0
123,1505678,-107,-300,8192,-17,-1,-1
124,1517802,-84,-273,8156,-31,2,-1
125,1529913,-106,-242,8132,12,-12,2
126,1542028,-162,-302,8203,27,3,3
127,1554141,-20,-255,8105,-12,11,3
128,1566253,-177,-223,8040,-6,-21,9
129,1578363,-247,-371,8205,3,56,13
130,1590473,-43,-317,8250,-29,56,9
131,1602580,-98,-312,8195,-29,9,4
132,1614691,-109,-301,8157,-35,-4,1
133,1626806,-107,-281,8173,-41,1,-1
134,1638919,-102,-300,8190,-30,5,-1
135,1651035,-99,-310,8192,-38,2,-1
136,1663149,-106,-277,8173,-45,-5,-1
137,1675269,-116,-274,8156,-41,-6,0
138,1687385,-109,-282,8164,-30,0,0
139,1699494,-107,-283,8177,-19,5,0
140,1711607,-99,-288,8182,-19,6,1
141,1723719,-108,-280,8167,-19,5,0
142,1735829,-111,-282,8165,-15,6,-2
143,1747940,-108,-286,8176,-6,5,0
144,1760053,-107,-289,8188,-6,5,2
145,1772162,-111,-297,8200,-8,5,2
146,1784274,-106,-296,8194,-10,4,1
147,1796388,-104,-302,8184,-9,2,1
148,1808503,-105,-303,8187,-19,4,0
149,1820612,-105,-289,8190,-25,7,0
150,1832722,-113,-272,8170,-20,6,0
151,1844838,-119,-298,8179,-11,5,0
152,1856954,-113,-319,8163,-21,6,1
153,1869067,-113,-292,8150,-22,9,0
154,1881179,-98,-288,8191,-12,11,0
155,1893292,-98,-301,8183,-8,8,0
156,1905400,-111,-290,8170,-11,4,1
157,1917513,-119,-299,8164,-13,9,0
158,1929624,-116,-314,8163,-18,12,0
159,1941735,-103,-293,8205,-15,13,0
160,1953841,-110,-334,8177,-10,11,0
161,1965952,-107,-309,8172,-26,13,1
162,1978059,-94,-257,8207,-28,11,0
163,1990175,-97,-277,8190,-14,6,0
164,2002284,-103,-298,8164,-13,8,0
165,2014386,-103,-284,8162,-14,11,2
166,2026507,-104,-271,8192,-14,10,12
167,2038620,-99,-327,8210,-31,9,15
168,2050731,-106,-360,8163,-76,10,11
169,2062848,-115,-290,8176,-114,10,7
170,2074957,-125,-240,8235,-115,11,11
171,2087071,-100,-539,8203,-45,17,87
172,2099190,-55,-804,8093,-11,10,126
173,2111303,-55,-112,8247,-9,9,105
174,2123406,-122,64,8200,-23,14,73
175,2135521,-138,97,8183,-10,-1,41
176,2147637,-97,-78,8190,-30,3,14
177,2159748,-70,-234,8205,-57,6,3
178,2171854,-69,-241,8192,-52,-1,5
179,2183959,-90,-254,8157,-38,-8,7
180,2196076,-101,-223,8178,-34,3,5
181,2208199,-101,-231,8160,-21,12,4
182,2220310,-100,-196,8196,-10,17,5
183,2232419,-86,-235,8206,18,19,9
184,2244540,-78,-332,8164,40,18,13
185,2256648,-90,-308,8196,-40,13,9
186,2268779,-66,-313,8229,-69,10,19
187,2280886,-79,-224,8197,-82,8,39
188,2292974,-83,-183,8214,-71,7,43
189,2305116,-100,-207,8137,-32,3,22
190,2317238,-121,-212,8129,-31,9,10
191,2329343,-76,-252,8194,-23,13,0
192,2341451,-67,-261,8198,-18,8,-3
193,2353537,-71,-252,8186,-22,-1,-3
194,2365669,-85,-248,8179,-33,-5,-3
195,2377788,-89,-243,8193,-33,-5,-4
196,2389888,-91,-264,8210,-30,-10,-5
197,2401973,-98,-273,8210,-35,-12,-5
198,2414100,-96,-245,8202,-51,-7,-4
199,2426219,-68,-199,8174,-43,-7,6
200,2438318,-35,-334,8201,-28,-16,22
201,2450419,-66,-313,8250,-40,-15,53
202,2462501,-107,-187,8238,-64,-5,84
203,2474616,-44,-165,8175,-56,0,100
204,2486754,3,-186,8144,-44,-12,110
205,2498861,-243,-205,8205,-47,-7,93
206,2510949,-166,-241,8213,-63,19,53
207,2523041,-104,-182,8217,-71,39,31
208,2535172,-128,-127,8206,-18,32,20
209,2547311,-58,-191,8209,-3,32,19
210,2559396,140,-372,8132,-7,27,59
211,2571499,104,-397,8152,-30,16,139
212,2583611,-39,-242,8188,-64,-25,321
213,2595756,-169,-78,8156,-26,-72,328
214,2607867,-141,-104,8146,15,-119,266
215,2619957,-44,-219,8185,32,-126,200
216,2632050,23,-284,8193,31,-75,188
217,2644185,-5,-327,8229,9,37,254
218,2656327,-100,-302,8286,-9,63,284
219,2668414,-40,-145,8407,-22,69,319
220,2680500,126,-267,8442,-43,41,373
221,2692604,225,-367,8358,-73,-53,450
222,2704737,189,-333,8197,-38,-300,650
223,2716862,39,-262,8113,6,-271,742
224,2728972,-182,-354,8297,19,-129,792
225,2741061,-62,-488,8329,30,7,801
226,2753190,33,-540,8344,116,24,778
227,2765328,91,-563,8427,136,-22,730
228,2777414,421,-1034,8368,109,-9,702
229,2789503,447,-1225,8245,58,94,735
230,2801607,387,-1156,8329,21,259,791
231,2813740,308,-825,8601,57,519,754
232,2825861,251,-396,8971,157,519,720
233,2837951,122,86,9586,318,452,753
234,2850058,-23,-92,9651,504,382,854
235,2862185,-61,-358,9569,779,316,1183
236,2874292,176,-455,9402,896,330,1405
237,2886416,-123,-268,9041,1022,395,1579
238,2898509,-253,-181,8920,1104,481,1552
239,2910613,124,-242,8839,1074,536,1297
240,2922752,413,-360,8876,806,624,723
241,2934876,222,-460,8963,744,685,550
242,2946969,40,-1021,8648,758,696,415
243,2959079,308,-1540,8487,814,658,335
244,2971190,416,-2071,8368,902,625,327
245,2983323,470,-2726,8301,1278,650,472
246,2995429,430,-3438,8265,1609,632,595
247,3007536,48,-4275,7982,2112,564,719
248,3019643,87,-4508,7572,2828,444,833
249,3031775,643,-4385,7233,4510,110,1019
250,3043901,1672,-3990,7212,5141,113,1142
251,3055991,2836,-3766,7038,5538,309,1294
252,3068097,2732,-4265,6681,5654,616,1445
253,3080206,2611,-4661,6497,5500,936,1519
254,3092339,2562,-5042,6398,4749,1452,1183
255,3104448,2653,-5497,6271,4265,1664,815
256,3116551,2982,-5376,6033,3832,1874,446
257,3128659,3138,-5146,6103,3580,2088,231
258,3140770,3326,-4901,6121,3547,2415,440
259,3152904,3535,-4451,6090,3639,2334,588
260,3165013,4233,-4921,5502,3674,1994,635
261,3177123,4387,-5578,4623,3453,1631,681
262,3189230,4229,-5634,4143,2941,1523,778
263,3201359,3831,-5443,4110,1477,2212,891
264,3213461,3543,-5658,4404,808,2541,790
265,3225561,3596,-6174,5689,227,2513,639
266,3237661,3717,-5901,5624,-252,2277,596
267,3249764,3947,-5579,4972,-599,2087,717
268,3261891,4271,-5350,4306,-1223,2040,952
269,3273994,4678,-5260,3995,-1701,1954,1039
270,3286094,4970,-4085,4872,-2218,1767,1234
271,3298196,4761,-3596,5549,-2745,1616,1462
272,3310330,4347,-3362,6178,-3858,1282,1831
273,3322434,4099,-3072,6966,-4422,992,1976
274,3334537,4235,-2438,8269,-5035,697,2133
275,3346642,4672,-1969,8804,-5740,470,2316
276,3358752,5365,-1551,9344,-6447,296,2482
277,3370886,5824,-1788,9652,-7534,-107,2559
278,3382996,6008,-2488,9818,-8057,-302,2468
279,3395102,5698,-3370,10540,-8554,-455,2324
280,3407208,5093,-3375,11202,-8946,-597,2111
281,3419326,4637,-3217,11868,-9190,-750,1825
282,3431456,4899,-2800,12426,-9321,-1092,1401
283,3443563,5894,-1166,12319,-9270,-1278,1441
284,3455667,6007,-418,11745,-9179,-1522,1599
285,3467773,5691,-101,10984,-9055,-1826,1693
286,3479903,4869,21,10087,-8783,-2343,1484
287,3492013,3856,603,9292,-8573,-2515,1341
288,3504119,1064,2566,8312,-8401,-2713,1202
289,3516229,-372,3870,8526,-8621,-2964,1029
290,3528343,-1576,5062,9457,-9393,-3283,817
291,3540465,-1400,6006,11032,-10612,-4306,912
292,3552564,2948,5669,12168,-9305,-5098,1435
293,3564671,12854,-4268,5113,-6895,-6052,2063
294,3576785,9158,-5841,482,-4518,-6709,2614
295,3588898,4050,-2604,-1024,-164,-6014,3164
296,3601016,2528,1812,102,1626,-5414,3321
297,3613123,4622,6522,1519,2379,-5288,3204
298,3625236,3945,6829,1644,2068,-5498,2629
299,3637351,2658,6093,2093,1294,-5668,1800
300,3649473,1900,4827,2634,387,-5576,461
301,3661587,2643,3765,2816,392,-5328,294
302,3673699,5468,2972,799,625,-5015,504
303,3685811,4588,3072,-580,1133,-4754,900
304,3697923,3051,3966,-1071,1944,-4553,1394
305,3710039,2168,5533,-687,4385,-3875,3041
306,3722152,983,7721,1120,5462,-3273,4153
307,3734270,23,6581,2219,6123,-2714,5166
308,3746388,-567,4272,3305,6495,-2392,5904
309,3758511,-925,2300,3773,7170,-2295,6822
310,3770633,-1719,1037,3158,7496,-2119,7352
311,3782752,-2887,-512,2994,7895,-1626,7937
312,3794874,-3395,-1812,3741,8411,-953,8327
313,3806988,-4163,-3461,4768,8817,-304,8464
314,3819108,-4955,-4433,6226,9183,746,8411
315,3831220,-5588,-4798,7351,9538,987,8291
316,3843336,-5265,-5825,6810,9765,1026,8157
317,3855445,-4086,-5754,5680,9703,1114,7886
318,3867555,-2521,-6209,4432,8685,1807,6971
319,3879668,-982,-7211,3619,8003,2396,6486
320,3891782,2518,-9348,3686,7462,3014,6155
321,3903896,2615,-12013,4853,6935,3581,5994
322,3916011,-232,-14413,6425,6049,4087,5704
323,3928131,-3644,-14091,7902,2977,4633,3711
324,3940399,-4804,-11373,8515,1560,4361,2426
325,3952360,-1349,-6714,6287,595,3713,1647
326,3964478,393,-6987,4196,167,2941,1602
327,3976578,1682,-8621,1442,236,2384,2100
328,3988700,2655,-10272,-70,466,3056,2985
329,4000811,2512,-10606,1837,-288,3584,2646
330,4012927,640,-6963,5771,-1497,3822,1915
331,4025034,1392,-5483,6024,-2710,3884,1261
332,4037118,2667,-4871,6049,-4579,3862,1214
333,4049266,3593,-4500,5832,-5382,4097,1691
334,4061380,3186,-5798,7015,-6234,4370,1984
335,4073494,1929,-6987,8492,-7096,4542,1852
336,4085589,668,-7016,10085,-7833,4591,1540
337,4097712,-123,-5575,11345,-8520,4134,1565
338,4109828,113,-3221,11837,-8640,3553,1834
339,4121942,3596,1237,11576,-8888,2771,2125
340,4134058,4866,2238,12164,-9374,1911,2425
341,4146161,5798,2366,13350,-10987,822,2803
342,4158289,6642,1857,14526,-11840,753,2747
343,4170403,6971,-346,16031,-12517,816,2576
344,4182513,6125,-1547,16630,-12929,844,2350
345,4194605,4806,-2716,17079,-12982,796,2095
346,4206724,3825,-3851,16975,-11995,538,1739
347,4218836,3298,-4431,15858,-11126,295,1840
348,4230945,2017,-2915,12083,-10117,-100,2163
349,4243046,1718,-1282,10339,-9034,-725,2476
350,4255153,2168,936,8535,-7882,-1552,2483
351,4267278,2974,2852,6463,-5286,-3158,2087
352,4279392,3575,3860,5253,-4340,-3707,2126
353,4291502,4200,4800,5046,-3921,-4137,2152
354,4303588,4816,4152,4591,-3933,-4467,1883
355,4315704,4464,2490,4434,-4779,-4702,548
356,4327846,3029,1171,5325,-5088,-4678,497
357,4339961,2010,2624,8006,-4762,-4763,1286
358,4352058,3760,4390,8379,-3689,-5117,2520
359,4364172,6298,5480,6860,-2175,-5693,3561
360,4376300,8260,6290,3882,-289,-6485,3854
361,4388408,8705,6968,1004,-578,-6312,3278
362,4400514,6124,4942,-999,-1445,-5795,2520
363,4412608,4322,2234,-761,-2364,-5241,1717
364,4424724,2760,772,-401,-2754,-4656,540
365,4436865,1635,1657,-267,-2015,-4293,805
366,4448982,3482,5525,-2319,-693,-3754,1784
367,4461081,5287,6547,-3886,919,-3121,3115
368,4473174,5659,6758,-5046,2447,-2315,4375
369,4485292,4084,5394,-5033,4884,-166,6019
370,4497433,1484,3120,-3440,6001,670,6437
371,4509541,-2812,145,1534,7142,1133,6755
372,4521652,-4378,-1149,3661,8263,1266,7103
373,4533766,-5578,-2018,5377,9295,1194,7514
374,4545886,-6171,-2013,6820,10891,1206,8313
375,4557990,-6246,-1630,8099,11418,1361,8520
376,4570098,-6822,-2389,10770,11731,1444,8472
377,4582208,-7072,-2838,11085,11730,1417,8136
378,4594302,-5970,-2992,9784,10956,1516,6705
379,4606436,-3597,-3123,7730,10366,1805,5965
380,4618529,-2205,-6345,7565,9653,2219,5437
381,4630647,-3232,-7835,8092,8857,2662,4984
382,4642781,-2590,-8688,7229,8164,3016,4416
383,4654900,-324,-9771,6022,7237,3549,3098
384,4667009,1425,-10845,5584,6724,3928,2695
385,4679103,455,-12142,6499,6036,4386,2360
386,4691220,87,-11431,6343,5088,4850,1820
387,4703310,425,-9415,5935,4006,5293,1044
388,4715460,459,-7308,5797,2352,5708,193
389,4727569,-966,-5814,6098,1703,5525,440
390,4739662,-875,-5937,5918,1117,5254,744
391,4751773,188,-6118,5855,658,5033,917
392,4763870,1711,-6298,6140,-168,4776,1127
393,4776003,2361,-6346,6733,-942,4799,1245
394,4788134,618,-5112,8371,-1906,4944,1349
395,4800231,299,-4137,9217,-2774,5082,1573
396,4812321,661,-3357,9585,-3315,5055,2030
397,4824472,1256,-2981,9276,-3497,4282,3316
398,4836557,2161,-3045,8707,-3550,3675,3738
399,4848697,3657,-2667,8502,-3894,3070,3865
400,4860768,3863,-1276,8894,-4567,2579,3808
401,4872881,4375,350,9377,-6168,2163,3988
402,4885010,5121,1233,10096,-6983,2017,4289
403,4897128,5754,469,12279,-7876,1724,4530
404,4909236,5770,7,13314,-8740,1379,4710
405,4921322,6080,-288,14374,-9434,1096,4923
406,4933433,6562,-737,15160,-10204,549,5077
407,4945562,6936,-1347,15387,-10352,275,4852
408,4957683,6855,-2347,14823,-10326,33,4492
409,4969778,6253,-2917,14114,-10053,-235,4090
410,4981889,5092,-3123,13166,-9526,-568,3731
411,4994023,3568,-2684,12236,-8091,-1365,3252
412,5006158,1343,-294,10998,-7479,-1919,3081
413,5018231,1633,1923,10394,-6975,-2636,2899
414,5030339,2607,3798,9299,-6460,-3418,2750
415,5042451,4156,4908,8092,-5403,-4416,2837
416,5054574,5798,4907,6690,-5069,-4448,2759
417,5066693,4928,2388,4469,-5331,-4342,2249
418,5078782,2292,2409,5271,-6136,-4264,1249
419,5090892,-282,3238,7297,-6847,-4328,224
420,5103002,-1025,3780,9843,-6240,-5197,298
421,5115122,587,3352,11659,-5117,-5822,1327
422,5127223,4907,814,7922,-4004,-6356,2428
423,5139332,7081,946,3785,-3229,-6625,3064
424,5151440,8371,2182,27,-2322,-6167,2250
425,5163558,7677,3692,-2840,-1908,-5629,1337
426,5175663,4160,5300,-4933,-1418,-5047,485
427,5187773,2630,4828,-4288,-733,-4627,-210
428,5199886,1507,4517,-2730,241,-4522,-652
429,5211977,1424,4534,-1121,2914,-4800,-41
430,5224112,2560,4520,-174,4009,-4613,1300
431,5236222,4237,6479,-264,4719,-3988,3122
432,5248335,4018,7092,-473,5216,-3100,4937
433,5260448,3047,5966,-93,5612,-2244,6314
434,5272569,1304,3712,671,6320,-1227,7791
435,5284676,-697,1300,1471,6852,-944,8315
436,5296790,-3924,-1862,3181,7530,-670,8766
437,5308901,-4669,-2769,4680,8275,-397,9168
438,5320992,-5802,-4153,6944,9516,46,9987
439,5333120,-7709,-5004,9567,9847,108,10442
440,5345226,-8895,-3130,11335,10097,83,10920
441,5357336,-7131,-2286,9551,10270,119,11250
442,5369428,-4445,-2138,6608,10290,372,11161
443,5381531,-1815,-3018,3967,9779,1678,9785
444,5393656,194,-5017,2880,9276,2589,9104
445,5405771,2752,-9911,3991,8757,3446,8556
446,5417880,2860,-12754,5484,8220,4155,7970
447,5429974,1036,-15445,7404,5689,5064,5453
448,5442106,-2478,-15269,8813,3533,5086,3221
449,5454217,-4542,-6428,7937,1741,4699,1163
450,5466330,-1383,-4077,6227,925,4020,296
451,5478422,1572,-4647,4173,972,3380,848
452,5490530,3489,-6678,2663,1654,3390,3322
453,5502656,4412,-8853,2402,1364,3927,3890
454,5514771,1814,-10458,4587,524,4507,3577
455,5526872,379,-9768,5657,-489,4898,2486
456,5538986,-378,-9457,6694,-1423,4945,1149
457,5551101,-955,-8780,7499,-2881,4327,-305
458,5563224,-1349,-7401,7898,-2993,3891,-33
459,5575346,594,-6655,7683,-2697,3427,687
460,5587431,1534,-6991,6536,-2281,3039,1390
461,5599538,1877,-6325,5674,-2483,2804,1770
462,5611660,2125,-4207,5982,-3522,2798,1515
463,5623774,1799,2075,9655,-5172,2742,1261
464,5635862,1672,4505,11905,-7111,2609,1183
465,5647972,1987,4883,13834,-8928,2332,1362
466,5660083,2446,3205,15548,-11546,1304,2234
467,5672201,2693,719,17115,-12526,796,2523
468,5684318,3167,-2308,19370,-13380,421,2542
469,5696409,3873,-3381,19787,-13987,125,2281
470,5708520,4346,-4805,19608,-14265,-393,1273
471,5720630,3779,-6414,18929,-14054,-569,729
472,5732748,-487,-7737,16587,-13626,-759,259
473,5744851,-1878,-6365,15614,-12946,-1117,-95
474,5756962,-1276,-4599,14490,-11894,-1754,-348
475,5769069,316,-3679,12303,-9011,-3333,-347
476,5781193,1855,-2710,9891,-7792,-3724,127
477,5793303,4702,513,8135,-6627,-3932,632
478,5805417,5307,-74,6697,-5487,-4080,745
479,5817537,4438,-587,5395,-4833,-3972,230
480,5829635,2210,1267,5806,-5341,-3861,-1577
481,5841772,157,4165,7966,-5425,-4649,-1432
482,5853879,1530,3886,10630,-4954,-5773,-355
483,5865994,5182,1653,8813,-4080,-6601,1163
484,5878110,8211,1132,5840,-2402,-6526,3094
485,5890232,9045,3166,2845,-1943,-6008,3062
486,5902342,8670,9877,-1075,-1670,-5342,2588
487,5914460,8056,9548,-1681,-1466,-4523,1869
488,5926582,6816,6329,-1947,-1193,-3592,1137
489,5938679,5413,3353,-2047,28,-1761,773
490,5950819,4427,2840,-1823,1018,-1074,1429
491,5962933,4047,4557,-332,2154,-647,2494
492,5975051,3527,4398,743,3234,-404,3835
493,5987154,2171,3158,1682,4160,-268,5368
494,5999272,381,1222,2145,5849,-318,8430
495,6011412,-1992,-1443,3002,6738,-341,9692
496,6023538,-3068,-2335,3976,7638,-275,10643
497,6035657,-4519,-3351,4780,8541,-169,11269
498,6047753,-5647,-4629,5335,10294,-142,11956
499,6059890,-5989,-5929,6303,10972,-194,12207
500,6072003,-6674,-6880,10037,11411,-205,12494
501,6084117,-7713,-7683,10888,11617,-224,12822
502,6096211,-8254,-8904,10301,11526,-305,13061
503,6108321,-7417,-9725,8668,10401,-155,12304
504,6120449,-5133,-9744,6172,9764,364,10956
505,6132569,1980,-8168,859,9070,1179,9271
506,6144684,4904,-7514,-900,8114,2202,7809
507,6156782,6716,-8033,-1656,5723,4443,5770
508,6168903,7432,-9625,-907,4408,5295,4843
509,6181034,3719,-12141,4631,2835,5785,3795
510,6193163,-67,-10425,7296,1000,5910,2601
511,6205260,-2904,-7311,9067,-832,5669,1504
512,6217378,-4107,-4894,9155,-2899,3670,194
513,6229507,-3883,-4464,7643,-3118,2466,130
514,6241627,-44,-7523,4805,-3158,1563,408
515,6253726,1118,-8921,3567,-3160,983,711
516,6265846,1538,-9545,3142,-3196,769,864
517,6277967,1375,-10035,3618,-3389,1040,744
518,6290095,-942,-10307,5038,-3452,1067,477
519,6302225,-1496,-8697,5742,-3447,866,169
520,6314320,-958,-6483,6323,-3422,540,-37
521,6326438,2,-4888,6488,-4031,47,-26
522,6338566,703,-4410,6345,-4824,-111,-88
523,6350678,988,-5207,6462,-5723,-321,-328
524,6362786,720,-6141,6513,-6460,-590,-722
525,6374894,489,-6771,6475,-6859,-835,-1180
526,6387002,590,-6651,6417,-6848,-1038,-1816
527,6399122,981,-6063,6434,-6818,-953,-1962
528,6411225,1352,-5704,6522,-6983,-772,-2071
529,6423334,1161,-5955,6665,-7287,-570,-2171
530,6435448,677,-5975,7010,-7546,-372,-2313
531,6447545,-9,-5491,7434,-7250,-426,-2348
532,6459680,-54,-3650,8202,-6733,-535,-2412
533,6471792,455,-3198,7997,-6207,-597,-2544
534,6483911,881,-2697,7749,-5899,-545,-2671
535,6496082,1102,-1889,7912,-6228,-253,-2653
536,6508150,908,-1242,8196,-6620,-161,-2668
537,6520262,7,-1190,8395,-6891,-133,-2747
538,6532375,-130,-1204,8439,-6885,-151,-2786
539,6544485,-14,-639,8592,-6523,-216,-2676
540,6556579,231,209,8827,-4941,-548,-1841
541,6568714,413,922,8757,-3886,-714,-1195
542,6580832,1162,1310,7191,-2797,-769,-622
543,6592948,1673,1570,6516,-1880,-753,-305
544,6605063,1803,2305,6228,-816,-680,-346
545,6617159,1639,3179,6276,-595,-587,-407
546,6629292,1227,4100,6849,-510,-458,-416
547,6641412,1093,4264,7202,-521,-311,-410
548,6653532,892,4169,7531,-625,-169,-422
549,6665625,546,3891,7815,-963,-87,-555
550,6677763,165,3668,7954,-988,-167,-653
551,6689885,203,3632,7698,-841,-260,-716
552,6702005,431,3614,7375,-572,-331,-697
553,6714102,588,3506,7031,213,-511,-405
554,6726222,773,3369,6776,704,-619,-222
555,6738362,1311,3386,6650,1221,-680,-8
556,6750487,1331,3514,6787,1736,-687,296
557,6762604,1126,3572,7067,2226,-672,707
558,6774699,803,3367,7352,3074,-637,1647
559,6786831,511,2837,7480,3438,-594,2050
560,6798935,75,1769,7426,3764,-541,2346
561,6811063,-70,1607,7517,3990,-482,2499
562,6823156,-131,1640,7726,4023,-388,2510
563,6835276,-224,1686,7932,3395,-45,2127
564,6847411,-420,1608,8072,2891,110,1699
565,6859534,-410,1661,8375,2362,237,1192
566,6871625,-295,2088,8678,1790,361,744
567,6883736,-571,2636,8940,1096,518,203
568,6895847,-976,2346,8942,1034,506,69
569,6907972,-788,72,9025,888,379,11
570,6920095,-629,-206,9090,768,156,24
571,6932187,-657,-29,8957,959,-141,92
572,6944303,-878,197,8987,2118,-724,254
573,6956430,-1402,-11,9558,2185,-365,295
574,6968554,-881,-1387,10464,1544,308,267
575,6980650,-30,-1425,9959,564,599,190
576,6992768,-129,-975,9009,-465,-55,11
577,7004915,-663,-486,8164,-453,-165,-65
578,7017007,-702,225,7906,-361,-58,-131
579,7029120,-431,534,7972,-208,16,-190
580,7041234,-140,530,8161,27,-49,-213
581,7053350,-13,226,8162,278,-85,-35
582,7065448,120,-3,7307,501,45,100
583,7077589,-839,-1624,8305,886,188,225
584,7089703,-587,-1652,9303,746,321,283
585,7101825,-128,-1152,8774,182,262,252
586,7113940,-249,-779,7944,-488,-100,125
587,7126062,-458,-118,7822,-289,0,81
588,7138174,-230,-560,8346,21,101,58
589,7150290,-253,-596,8383,77,72,44
590,7162407,-354,-559,8147,-12,-12,5
591,7174506,-377,-640,7975,-100,11,0
592,7186641,-332,-286,8268,-159,27,2
593,7198756,-333,-343,8241,-95,22,6
594,7210874,-345,-485,8135,-10,8,6
595,7222968,-346,-456,8124,-17,11,2
596,7235075,-330,-453,8169,-15,11,3
597,7247208,-338,-439,8161,-24,6,2
598,7259328,-336,-436,8160,-25,6,3
599,7271440,-326,-454,8164,-19,9,4
600,7283534,-329,-443,8168,-22,8,3
601,7295667,-325,-453,8155,-19,9,2
602,7307785,-318,-438,8162,-21,9,2
603,7319901,-321,-443,8158,-22,8,2
604,7331997,-329,-457,8154,-22,7,1
605,7344117,-336,-451,8166,-21,7,2
606,7356249,-341,-446,8165,-19,7,2
607,7368369,-333,-443,8160,-19,7,2
608,7380471,-323,-447,8156,-20,8,2
609,7392588,-321,-447,8155,-20,7,1
610,7404724,-326,-448,8158,-19,6,1
611,7416830,-334,-447,8148,-20,6,1
612,7428953,-340,-444,8148,-20,5,1
613,7441043,-338,-444,8151,-18,5,1
614,7453157,-328,-443,8157,-18,5,1
615,7465284,-326,-443,8155,-18,5,0
616,7477402,-329,-443,8160,-18,6,1
617,7489497,-332,-447,8165,-19,7,1
618,7501605,-336,-452,8167,-19,6,0
619,7513717,-342,-446,8171,-19,5,0
620,7525835,-337,-455,8158,-18,6,0
621,7537954,-331,-456,8155,-18,7,0
622,7550048,-326,-450,8160,-19,7,1
623,7562160,-331,-448,8162,-20,7,1
624,7574278,-334,-441,8161,-19,7,1
625,7586397,-330,-440,8165,-19,7,2
626,7598482,-327,-440,8169,-19,7,2
627,7610596,-326,-444,8164,-19,7,1
628,7622707,-328,-452,8158,-20,7,2
629,7634829,-334,-441,8164,-21,6,2
630,7646939,-328,-445,8165,-19,7,1
631,7659050,-324,-444,8163,-19,8,1
632,7671161,-326,-443,8159,-20,8,1
633,7683251,-329,-447,8158,-20,7,1
634,7695381,-323,-449,8170,-20,6,1
635,7707492,-322,-445,8173,-20,5,1
636,7719608,-322,-447,8169,-20,5,1
637,7731721,-321,-451,8164,-19,6,1
638,7743838,-327,-445,8154,-20,6,0
639,7755948,-329,-441,8159,-20,6,1
640,7768057,-331,-435,8163,-20,5,1
641,7780164,-329,-434,8165,-19,4,-1
642,7792251,-323,-441,8167,-18,5,-1
643,7804390,-330,-444,8163,-18,5,0
644,7816496,-332,-447,8165,-18,4,0
645,7828604,-331,-446,8162,-18,4,-1
646,7840696,-333,-438,8164,-18,5,-1
647,7852828,-336,-443,8169,-18,4,-1
648,7864932,-331,-443,8166,-18,3,0
649,7877045,-327,-442,8164,-18,3,0
650,7889151,-323,-450,8159,-19,7,-1
651,7901235,-319,-452,8157,-18,6,-1
652,7913363,-320,-455,8155,-18,5,0
653,7925475,-321,-448,8157,-18,5,0
654,7937588,-323,-440,8166,-18,5,0
655,7949679,-329,-445,8170,-19,5,1
656,7961785,-339,-452,8160,-19,5,1
657,7973908,-337,-458,8157,-18,5,1
658,7986026,-332,-451,8160,-18,5,2
659,7998131,-326,-445,8166,-19,5,1
660,8010220,-327,-442,8165,-20,5,1
661,8022348,-335,-438,8166,-19,4,1
662,8034464,-333,-436,8164,-18,4,2
663,8046572,-328,-435,8166,-17,3,1
664,8058658,-329,-436,8160,-17,5,1
665,8070771,-333,-438,8150,-18,5,1
666,8082889,-337,-445,8155,-18,4,1
667,8095002,-336,-449,8162,-17,4,1
668,8107092,-328,-442,8170,-18,3,0
669,8119201,-321,-439,8169,-18,5,-1
670,8131308,-324,-439,8162,-18,5,-1
671,8143427,-327,-443,8160,-18,4,0
672,8155539,-322,-440,8152,-18,4,0
673,8167651,-319,-449,8150,-17,3,0
674,8179765,-322,-446,8156,-18,3,0
675,8191889,-334,-446,8160,-17,3,0
676,8204016,-331,-449,8154,-17,3,-1
677,8216105,-331,-446,8158,-19,3,0
678,8228219,-325,-450,8164,-19,3,1
679,8240334,-325,-446,8170,-19,4,0
680,8252458,-324,-450,8166,-18,4,-1
681,8264565,-325,-443,8163,-18,4,-1
682,8276674,-327,-444,8165,-18,4,0
683,8288790,-329,-445,8167,-18,4,0
684,8300913,-331,-448,8175,-18,4,1
685,8313015,-330,-449,8176,-17,4,1
686,8325119,-327,-441,8175,-18,4,1
687,8337229,-330,-434,8166,-20,5,1
688,8349339,-332,-436,8161,-19,5,1
689,8361456,-337,-444,8164,-18,5,0
690,8373563,-336,-446,8160,-17,5,0
691,8385670,-327,-453,8152,-17,5,0
692,8397776,-324,-448,8151,-19,6,0
693,8409858,-326,-446,8150,-19,4,-1
694,8421989,-325,-445,8163,-19,3,-1
695,8434094,-326,-450,8169,-19,3,0
696,8446200,-331,-449,8169,-19,5,-1
697,8458293,-331,-445,8165,-19,5,-1
698,8470435,-330,-454,8161,-19,5,0
699,8482547,-335,-448,8154,-20,5,1
700,8494661,-334,-443,8151,-20,4,2
701,8506779,-333,-440,8155,-19,4,0
702,8518868,-329,-445,8159,-19,4,0
703,8530998,-331,-447,8170,-18,4,0
704,8543106,-336,-443,8163,-18,4,0
705,8555215,-335,-435,8161,-18,5,0
706,8567307,-330,-436,8168,-19,5,0
707,8579418,-325,-452,8164,-18,5,1
708,8591546,-335,-453,8163,-19,6,1
709,8603666,-337,-452,8160,-19,5,2
710,8615763,-330,-449,8162,-20,5,2
711,8627873,-324,-448,8167,-19,4,1
712,8640005,-321,-443,8169,-19,4,0
713,8652123,-324,-450,8170,-19,4,-1
714,8664237,-325,-456,8168,-17,4,-1
715,8676323,-329,-430,8168,-21,3,0
716,8688433,-332,-426,8166,-18,4,0
717,8700555,-325,-441,8159,-20,4,0
718,8712678,-323,-434,8157,-22,5,0
719,8724773,-324,-453,8155,-19,6,0
720,8736886,-321,-438,8156,-21,6,0
721,8749018,-324,-458,8163,-17,6,0
722,8761122,-320,-436,8169,-19,6,1
723,8773246,-320,-433,8165,-21,5,1
724,8785338,-323,-452,8162,-20,6,0
725,8797454,-325,-451,8169,-20,5,0
726,8809579,-325,-457,8159,-19,6,0
727,8821700,-325,-448,8173,-20,7,1
728,8833792,-320,-443,8172,-19,6,1
729,8845909,-321,-438,8165,-19,5,1
730,8858022,-311,-445,8153,-19,5,1
731,8870137,-324,-437,8152,-21,5,1
732,8882244,-331,-442,8156,-20,6,2
733,8894358,-326,-437,8168,-19,5,1
734,8906470,-319,-438,8177,-18,6,1
735,8918590,-330,-437,8161,-19,6,-1
736,8930689,-334,-435,8158,-20,5,-1
737,8942798,-327,-436,8156,-19,5,0
738,8954907,-320,-436,8163,-18,5,1
739,8967013,-322,-436,8173,-19,5,0
740,8979129,-316,-438,8165,-20,5,0
741,8991229,-320,-437,8165,-20,5,1
742,9003335,-328,-435,8168,-19,4,1
743,9015444,-331,-436,8166,-18,5,1
744,9027532,-324,-438,8170,-19,5,0
745,9039663,-321,-437,8169,-19,5,0
746,9051771,-322,-439,8163,-19,5,0
747,9063881,-327,-443,8162,-19,5,0
748,9075969,-327,-440,8163,-19,6,0
749,9088105,-320,-432,8160,-19,6,0
750,9100212,-320,-435,8162,-19,5,0
751,9112324,-316,-440,8163,-18,5,1
752,9124435,-312,-441,8165,-19,5,-1
753,9136521,-315,-444,8165,-18,4,-1
754,9148651,-325,-444,8160,-18,4,-1
755,9160761,-324,-443,8154,-19,4,-1
756,9172867,-323,-438,8154,-17,4,-1
757,9184955,-324,-434,8160,-17,4,-1
758,9197059,-322,-441,8168,-17,4,-1
759,9209180,-319,-441,8164,-18,4,0
760,9221296,-321,-446,8158,-18,4,1
761,9233388,-318,-445,8160,-18,4,2
762,9245493,-320,-441,8169,-18,4,1
763,9257623,-317,-447,8164,-19,4,1
764,9269738,-318,-436,8164,-20,3,1
765,9281845,-320,-436,8167,-19,4,0
766,9293935,-320,-438,8173,-20,4,0
767,9306043,-323,-432,8168,-19,4,1
768,9318168,-325,-431,8163,-18,3,0
769,9330285,-320,-430,8154,-18,3,0
770,9342376,-312,-437,8154,-18,6,0
771,9354489,-318,-448,8164,-18,6,0
772,9366621,-324,-446,8170,-17,6,0
773,9378731,-324,-442,8167,-17,5,-1
774,9390838,-326,-439,8168,-17,5,-1
775,9402949,-321,-437,8171,-19,4,1
776,9415068,-317,-440,8170,-19,4,1
777,9427194,-318,-436,8157,-19,4,1
778,9439316,-323,-429,8161,-19,4,0
779,9451408,-322,-427,8168,-19,5,-1
780,9463521,-318,-433,8173,-18,5,-1
781,9475639,-320,-437,8165,-18,4,-1
782,9487764,-320,-440,8166,-18,4,-1
783,9499873,-322,-443,8163,-18,3,0
784,9511984,-329,-445,8159,-19,3,0
785,9524098,-332,-443,8162,-18,4,0
786,9536219,-333,-442,8165,-17,5,-1
787,9548337,-332,-448,8153,-17,5,-1
788,9560512,-326,-448,8151,-20,4,0
789,9572542,-319,-446,8156,-20,4,1
790,9584657,-320,-435,8164,-20,4,0
791,9596783,-325,-436,8170,-20,5,0
792,9608897,-328,-441,8174,-20,5,0
793,9621014,-323,-436,8171,-19,5,0
794,9633129,-319,-425,8170,-18,5,0
795,9645214,-333,-430,8160,-18,4,0
796,9657348,-335,-439,8161,-19,4,0
797,9669455,-323,-439,8162,-19,3,-1
798,9681566,-321,-438,8166,-17,4,-1
799,9693661,-331,-448,8162,-17,4,-1
800,9705796,-331,-441,8174,-19,3,0
801,9717902,-325,-441,8173,-19,4,0
802,9730014,-326,-435,8163,-18,4,0
803,9742124,-330,-433,8156,-19,4,1
804,9754214,-330,-442,8161,-20,4,1
805,9766345,-325,-438,8169,-20,4,1
806,9778452,-320,-439,8177,-19,5,1
807,9790563,-317,-444,8178,-19,5,0
808,9802652,-316,-446,8168,-20,5,-1
809,9814778,-326,-435,8150,-19,5,0
810,9826882,-334,-434,8150,-19,4,0
811,9838992,-334,-438,8159,-18,4,0
812,9851084,-325,-440,8167,-18,5,0
813,9863189,-320,-443,8167,-18,6,1
814,9875321,-319,-441,8167,-18,5,0
815,9887433,-320,-436,8170,-18,3,1
816,9899545,-318,-436,8168,-17,4,1
817,9911634,-314,-437,8166,-18,4,0
818,9923743,-315,-439,8174,-18,3,0
819,9935862,-320,-436,8179,-19,3,0
820,9947979,-322,-437,8177,-19,4,0
821,9960068,-323,-441,8168,-20,5,0
822,9972179,-320,-439,8168,-19,5,-1
823,9984305,-312,-441,8167,-18,5,-1
824,9996421,-315,-434,8161,-19,5,-1
825,10008518,-315,-437,8157,-18,4,1
826,10020625,-316,-438,8158,-18,4,1
827,10032734,-318,-430,8159,-18,4,0
828,10044858,-315,-428,8162,-18,5,0
829,10056980,-314,-433,8165,-19,5,0
830,10069069,-314,-436,8168,-18,4,0
831,10081180,-312,-441,8172,-18,5,-1
832,10093287,-323,-445,8171,-19,5,-1
833,10105406,-319,-436,8171,-20,5,0
834,10117512,-317,-425,8167,-20,6,0
835,10129621,-318,-426,8168,-19,5,-1
836,10141735,-317,-434,8169,-19,5,-1
837,10153856,-318,-435,8168,-19,5,-1
838,10165965,-322,-435,8167,-18,4,-1
839,10178073,-322,-433,8169,-18,4,1
840,10190182,-320,-433,8172,-18,3,1
841,10202290,-320,-435,8168,-18,3,-1
842,10214407,-322,-433,8172,-18,3,-2
843,10226507,-321,-431,8171,-17,2,-2
844,10238615,-323,-432,8167,-18,2,0
845,10250724,-328,-440,8164,-18,3,0
846,10262808,-327,-439,8157,-18,3,0
847,10274936,-326,-437,8156,-18,3,0
848,10287044,-321,-434,8161,-18,2,0
849,10299152,-314,-431,8172,-18,3,0
850,10311254,-320,-435,8157,-18,4,0
851,10323362,-324,-433,8152,-18,5,0
852,10335471,-324,-429,8155,-18,5,1
853,10347588,-327,-430,8159,-18,4,2
854,10359698,-327,-434,8160,-18,4,1
855,10371782,-319,-432,8171,-19,5,1
856,10383911,-321,-462,8160,-16,6,1
857,10396023,-320,-432,8161,-17,5,1
858,10408127,-325,-421,8169,-14,4,0
859,10420212,-318,-462,8160,-17,2,-2
860,10432342,-324,-417,8162,-21,3,-2
861,10444441,-327,-453,8161,-13,5,-1
862,10456554,-331,-433,8165,-20,2,-1
863,10468657,-325,-434,8165,-18,4,-1
864,10480742,-329,-444,8166,-19,4,-1
865,10492869,-334,-454,8155,-17,3,-1
866,10504978,-324,-437,8158,-18,3,-1
867,10517087,-316,-427,8173,-17,6,0
868,10529174,-317,-442,8172,-17,6,0
869,10541284,-323,-436,8174,-19,6,1
870,10553416,-325,-443,8175,-18,5,1
871,10565539,-327,-436,8166,-20,3,0
872,10577632,-325,-430,8156,-19,4,1
873,10589740,-329,-435,8160,-18,4,1
874,10601872,-330,-441,8159,-18,3,0
875,10613989,-328,-445,8161,-19,2,0
876,10626098,-325,-444,8164,-19,4,0
877,10638184,-325,-443,8158,-19,4,0
878,10650294,-331,-446,8166,-19,4,0
879,10662423,-328,-447,8169,-19,4,0
880,10674543,-324,-447,8169,-19,3,0
881,10686633,-321,-453,8169,-18,3,1
882,10698740,-321,-445,8161,-18,3,0
883,10710857,-323,-435,8157,-18,3,0
884,10722983,-325,-428,8163,-19,3,0
885,10735087,-328,-439,8168,-18,5,0
886,10747187,-330,-443,8170,-18,4,0
887,10759300,-314,-436,8163,-18,4,0
888,10771429,-312,-425,8161,-19,4,-1
889,10783548,-320,-430,8158,-19,4,-1
890,10795634,-325,-444,8155,-19,4,0
891,10807747,-329,-445,8160,-18,4,0
892,10819857,-334,-445,8165,-17,3,0
893,10831982,-329,-439,8168,-18,3,0
894,10844089,-324,-437,8166,-18,5,-1
895,10856194,-321,-432,8169,-18,5,-1
896,10868306,-319,-432,8168,-18,5,0
897,10880430,-322,-428,8163,-18,4,1
898,10892529,-322,-430,8162,-18,3,0
899,10904634,-323,-431,8166,-18,3,0
900,10916744,-323,-434,8170,-19,4,0
901,10928851,-320,-449,8174,-19,4,0
902,10940973,-320,-452,8165,-19,4,0
903,10953076,-321,-443,8159,-19,4,-1
904,10965183,-321,-436,8158,-19,4,-1
905,10977297,-319,-434,8161,-20,4,-1
906,10989405,-317,-436,8166,-20,4,0
907,11001521,-314,-433,8166,-19,5,0
908,11013626,-314,-434,8169,-19,5,0
909,11025735,-314,-438,8175,-19,5,0
910,11037841,-319,-439,8176,-19,5,1
911,11049959,-314,-436,8165,-18,4,1
912,11062065,-318,-431,8155,-18,4,1
913,11074176,-321,-428,8155,-18,6,-1
914,11086283,-316,-426,8163,-18,5,-1
915,11098392,-322,-436,8164,-18,4,-1
916,11110509,-323,-437,8166,-18,4,0
917,11122616,-321,-434,8160,-18,5,-1
918,11134723,-317,-436,8155,-19,4,-1
919,11146827,-309,-436,8172,-19,4,-1
920,11158924,-310,-431,8175,-18,4,-1
921,11171034,-312,-435,8168,-18,4,-1
922,11183146,-313,-442,8167,-19,4,-1
923,11195253,-317,-442,8162,-20,4,0
924,11207361,-325,-439,8159,-20,4,0
925,11219474,-326,-441,8163,-19,4,-1
926,11231581,-325,-438,8168,-18,4,-1
927,11243683,-320,-437,8169,-18,4,-1
928,11255785,-316,-437,8166,-19,4,0
929,11267887,-318,-437,8158,-18,4,0
930,11280004,-317,-432,8157,-19,4,1
931,11292124,-318,-425,8161,-19,5,0
932,11304234,-319,-423,8161,-19,5,0
933,11316336,-327,-438,8157,-19,5,1
934,11328452,-329,-437,8159,-19,5,1
935,11340552,-325,-433,8159,-19,4,0
936,11352666,-315,-430,8162,-19,4,-1
937,11364772,-313,-430,8168,-19,4,-1
938,11376875,-325,-437,8171,-19,3,-1
939,11388993,-321,-434,8168,-18,3,0
940,11401107,-319,-434,8170,-17,4,0
941,11413214,-317,-438,8172,-18,4,0
942,11425318,-313,-435,8165,-18,5,0
943,11437422,-318,-432,8166,-18,5,0
944,11449537,-319,-433,8166,-18,4,0
945,11461657,-316,-434,8164,-17,4,-1
946,11473765,-315,-435,8166,-17,5,-2
947,11485870,-319,-437,8176,-18,5,-1
948,11497989,-321,-430,8168,-19,5,-1
949,11510110,-321,-425,8163,-19,4,-1
950,11522217,-321,-429,8160,-18,4,0
951,11534319,-323,-432,8161,-18,5,0
952,11546424,-324,-438,8167,-19,6,0
953,11558540,-322,-442,8167,-19,6,-1
954,11570658,-327,-438,8161,-19,5,0
955,11582759,-333,-433,8156,-18,4,0
956,11594869,-325,-436,8157,-17,4,-1
957,11606983,-326,-438,8156,-16,4,-1
958,11619112,-327,-438,8153,-16,4,-1
959,11631240,-325,-433,8156,-18,5,0
960,11643346,-322,-428,8160,-19,5,-1
961,11655456,-318,-432,8169,-18,5,-1
962,11667578,-318,-437,8169,-18,3,-1
963,11679703,-318,-442,8163,-18,3,-1
964,11691812,-316,-443,8162,-18,4,0
965,11703925,-319,-446,8165,-18,4,0
966,11716033,-335,-439,8160,-17,4,0
967,11728150,-335,-430,8159,-17,4,-1
968,11740274,-330,-430,8161,-18,4,0
969,11752382,-327,-434,8158,-18,3,0
970,11764487,-320,-432,8156,-18,3,0
971,11776589,-317,-430,8160,-18,3,0
972,11788708,-317,-432,8166,-18,3,0
973,11800834,-318,-442,8168,-17,3,-1
974,11812943,-319,-447,8168,-17,3,-1
975,11825053,-320,-439,8166,-17,4,1
976,11837176,-316,-436,8164,-18,5,1
977,11849301,-313,-440,8163,-19,5,0
978,11861408,-317,-444,8158,-19,4,0
979,11873515,-319,-437,8170,-19,4,-1
980,11885621,-312,-427,8172,-19,4,-1
981,11897745,-314,-424,8168,-19,4,-1
982,11909868,-318,-435,8163,-18,4,1
983,11921973,-319,-446,8161,-18,5,1
984,11934080,-322,-439,8175,-18,4,0
985,11946194,-325,-429,8171,-19,3,-1
986,11958306,-327,-427,8164,-18,3,0
987,11970433,-323,-427,8164,-19,6,-1
988,11982544,-316,-428,8165,-19,6,-1
989,11994652,-309,-439,8166,-19,6,0
990,12006769,-311,-435,8162,-18,6,0
991,12018891,-318,-433,8151,-18,5,1
992,12030997,-325,-434,8156,-18,4,0
993,12043102,-321,-439,8174,-18,3,0
994,12055208,-318,-440,8178,-19,3,0
995,12067325,-317,-437,8175,-19,4,0
996,12079447,-326,-433,8168,-19,5,0
997,12091554,-335,-433,8163,-18,5,0
998,12103663,-329,-436,8168,-18,5,-1
999,12115782,-326,-439,8165,-19,4,-1
1000,12127905,-322,-441,8161,-17,3,-1
1001,12140011,-321,-437,8166,-17,3,-1
1002,12152125,-325,-425,8181,-17,3,-1
1003,12164232,-323,-424,8172,-17,3,-2
1004,12176351,-324,-428,8169,-18,3,-2
1005,12188474,-328,-433,8162,-18,3,-2
1006,12200578,-326,-433,8158,-19,4,-1
1007,12212682,-322,-428,8171,-19,4,0
1008,12224783,-328,-433,8165,-20,4,0
1009,12236898,-330,-437,8161,-19,4,1
1010,12249018,-331,-434,8158,-18,4,-1
1011,12261121,-326,-438,8156,-18,4,-1
1012,12273223,-323,-438,8164,-18,4,-1
1013,12285342,-322,-431,8163,-18,4,-1
1014,12297465,-318,-427,8162,-17,4,0
1015,12309567,-320,-426,8164,-18,5,0
1016,12321668,-318,-433,8173,-18,5,0
1017,12333769,-312,-437,8168,-17,4,0
1018,12345884,-307,-440,8164,-17,4,-1
1019,12358005,-306,-441,8164,-19,4,0
1020,12370109,-313,-438,8166,-19,4,0
1021,12382215,-320,-428,8162,-18,4,1
1022,12394338,-315,-426,8157,-18,5,2
1023,12406447,-313,-429,8156,-18,4,0
1024,12418575,-317,-435,8162,-20,4,-1
1025,12430690,-320,-433,8167,-20,4,0
1026,12442801,-318,-432,8169,-20,3,0
1027,12454927,-319,-431,8170,-19,3,0
1028,12467050,-325,-428,8170,-18,3,0
1029,12479157,-327,-429,8173,-19,4,-1
1030,12491266,-320,-440,8163,-19,4,0
1031,12503376,-315,-440,8164,-18,4,1
1032,12515498,-317,-439,8160,-18,4,0
1033,12527623,-323,-439,8161,-19,4,0
1034,12539728,-326,-436,8166,-19,5,1
1035,12551829,-334,-434,8164,-18,4,2
1036,12563948,-326,-434,8155,-18,5,1
1037,12576071,-319,-430,8152,-17,5,1
1038,12588179,-321,-430,8157,-17,5,1
1039,12600278,-320,-432,8169,-18,5,1
1040,12612570,-318,-433,8168,-19,5,0
1041,12624487,-315,-432,8160,-20,4,-1
1042,12636601,-315,-432,8156,-19,5,-1
1043,12648698,-319,-428,8154,-19,5,-1
1044,12660797,-320,-427,8164,-19,5,0
1045,12672876,-317,-432,8172,-19,5,0
1046,12685000,-322,-435,8168,-18,4,1
1047,12697122,-328,-436,8166,-19,4,0
1048,12709224,-321,-439,8165,-18,3,0
1049,12721327,-320,-439,8170,-18,4,0
1050,12733445,-329,-441,8164,-19,4,0
1051,12745566,-330,-443,8156,-20,5,0
1052,12757669,-323,-442,8156,-19,5,0
1053,12769770,-318,-439,8167,-18,4,1
1054,12781855,-316,-436,8167,-18,5,0
1055,12793986,-316,-434,8162,-17,6,0
1056,12806103,-318,-430,8156,-18,3,0
1057,12818206,-321,-428,8155,-18,3,0
1058,12830293,-321,-433,8171,-18,3,1
1059,12842426,-318,-438,8169,-17,3,0
1060,12854528,-313,-441,8161,-19,5,-2
1061,12866647,-316,-436,8156,-18,5,-2
1062,12878749,-325,-432,8159,-18,4,-2
1063,12890836,-328,-434,8160,-17,3,-1
1064,12902969,-326,-438,8161,-17,2,0
1065,12915093,-321,-445,8163,-16,3,0
1066,12927196,-321,-442,8165,-17,4,-1
1067,12939282,-318,-433,8158,-17,4,0
1068,12951382,-318,-436,8156,-17,5,0
1069,12963514,-320,-439,8160,-18,5,0
1070,12975636,-324,-435,8168,-19,5,0
1071,12987723,-321,-430,8172,-18,4,0
1072,12999825,-320,-429,8163,-18,4,0
1073,13011960,-324,-438,8162,-18,5,0
1074,13024082,-324,-440,8160,-18,5,-1
1075,13036184,-322,-439,8156,-18,5,0
1076,13048272,-331,-438,8163,-18,4,0
1077,13060375,-333,-442,8169,-19,4,0
1078,13072507,-329,-450,8170,-19,4,-1
1079,13084628,-325,-444,8166,-18,4,-1
1080,13096714,-322,-433,8165,-18,3,0
1081,13108814,-317,-423,8166,-18,3,0
1082,13121004,-325,-427,8165,-17,3,0
1083,13133064,-331,-438,8161,-18,3,-1
1084,13145171,-325,-438,8158,-18,4,-2
1085,13157277,-320,-432,8163,-19,4,-1
1086,13169383,-325,-435,8164,-19,5,-1
1087,13181517,-324,-438,8162,-20,5,0
1088,13193642,-329,-433,8161,-19,5,1
1089,13205734,-333,-430,8162,-18,4,0
1090,13217839,-321,-435,8167,-18,4,-1
1091,13229942,-320,-435,8173,-19,5,-1
1092,13242083,-322,-431,8172,-19,5,0
1093,13254189,-317,-435,8169,-18,6,0
1094,13266287,-311,-441,8167,-18,5,0
1095,13278386,-320,-430,8164,-18,5,0
1096,13290485,-319,-437,8152,-18,5,0
1097,13302615,-315,-443,8148,-18,4,0
1098,13314721,-313,-441,8156,-18,4,0
1099,13326829,-315,-439,8165,-19,4,-1
1100,13338936,-314,-436,8161,-19,5,-1
1101,13351070,-317,-433,8162,-19,4,0
1102,13363178,-319,-435,8168,-19,4,0
1103,13375285,-316,-437,8168,-19,4,-1
1104,13387389,-320,-433,8167,-19,4,-1
1105,13399491,-328,-431,8168,-19,3,-1
1106,13411622,-328,-427,8171,-18,5,-1
1107,13423722,-325,-429,8172,-18,5,-1
1108,13435822,-315,-441,8163,-19,5,0
1109,13447926,-317,-439,8165,-19,5,0
1110,13460059,-321,-437,8161,-18,6,0
1111,13472163,-320,-435,8160,-19,5,-1
1112,13484266,-321,-438,8164,-19,5,-1
1113,13496369,-319,-429,8160,-19,4,-1
1114,13508471,-315,-432,8162,-18,4,-1
1115,13520600,-316,-439,8160,-18,4,-1
1116,13532706,-320,-444,8161,-17,5,-1
1117,13544814,-325,-443,8157,-17,4,0
1118,13556917,-324,-444,8161,-17,3,1
1119,13569017,-317,-441,8168,-18,4,1
1120,13581146,-316,-432,8173,-19,6,0
1121,13593245,-319,-430,8171,-19,5,1
1122,13605345,-328,-426,8167,-19,4,1
1123,13617451,-321,-429,8163,-20,4,0
1124,13629583,-319,-431,8166,-19,4,-1
1125,13641686,-323,-432,8171,-17,5,-1
1126,13653791,-324,-432,8170,-17,5,0
1127,13665894,-327,-426,8166,-18,4,0
1128,13678002,-319,-428,8171,-18,3,0
1129,13690138,-316,-434,8171,-18,3,0
1130,13702242,-321,-437,8170,-18,4,0
1131,13714350,-325,-444,8167,-18,4,1
1132,13726462,-329,-446,8158,-19,4,1
1133,13738573,-331,-442,8158,-19,3,1
1134,13750715,-327,-436,8164,-17,4,0
1135,13762830,-325,-435,8165,-18,4,0
1136,13774944,-323,-439,8162,-18,5,0
1137,13787058,-318,-441,8162,-18,4,0
1138,13799205,-318,-437,8164,-18,4,-1
1139,13811311,-323,-429,8165,-19,4,-1
1140,13823419,-324,-427,8166,-20,4,0
1141,13835529,-322,-433,8163,-20,4,0
1142,13847643,-326,-433,8162,-19,4,0
1143,13859789,-324,-434,8164,-19,4,0
1144,13871900,-322,-436,8171,-19,4,0
1145,13884009,-322,-440,8173,-18,4,0
1146,13896117,-320,-436,8167,-17,3,0
1147,13908251,-319,-428,8163,-17,3,0
1148,13920358,-321,-423,8165,-19,3,-1
1149,13932470,-320,-427,8162,-19,3,-1
1150,13944582,-314,-439,8163,-19,4,-1
1151,13956692,-317,-437,8166,-20,5,0
1152,13969090,-318,-437,8167,-20,5,0
1153,13980948,-315,-437,8169,-19,4,-1
1154,13993057,-316,-435,8169,-18,3,0
1155,14005172,-324,-432,8168,-17,4,-1
1156,14017285,-327,-430,8161,-17,4,-1
1157,14029427,-321,-432,8159,-18,3,-1
1158,14041540,-314,-435,8162,-18,3,-1
1159,14053647,-320,-438,8159,-18,4,0
1160,14065754,-318,-440,8157,-18,4,0
1161,14077895,-315,-438,8165,-19,4,0
1162,14090005,-313,-433,8166,-18,4,0
1163,14102113,-321,-428,8164,-18,3,0
1164,14114222,-324,-426,8169,-18,4,0
1165,14126333,-318,-432,8174,-18,4,0
1166,14138658,-322,-442,8172,-18,5,0
1167,14150584,-325,-442,8166,-18,5,0
1168,14162699,-316,-429,8166,-18,5,-1
1169,14174812,-316,-429,8172,-19,4,-1
1170,14186926,-313,-426,8175,-18,3,0
1171,14199060,-316,-431,8173,-18,3,0
1172,14211172,-326,-433,8172,-18,3,0
1173,14223283,-328,-432,8153,-19,3,-1
1174,14235392,-325,-439,8150,-18,4,-1
1175,14247535,-321,-443,8157,-19,4,-1
1176,14259644,-315,-436,8171,-19,4,1
1177,14271759,-311,-426,8180,-18,4,1
1178,14283872,-324,-436,8165,-18,4,0
1179,14295985,-326,-442,8160,-19,4,0
1180,14308118,-323,-443,8164,-17,4,-1
1181,14320222,-319,-443,8163,-17,4,-1
1182,14332328,-317,-436,8157,-17,3,0
1183,14344431,-315,-430,8160,-17,4,1
1184,14356565,-311,-428,8165,-18,5,0
1185,14368673,-313,-435,8164,-19,5,-1
1186,14380775,-316,-442,8161,-19,4,0
1187,14392877,-325,-443,8164,-18,5,0
1188,14404982,-328,-437,8161,-18,5,0
1189,14417115,-326,-434,8156,-17,4,0
1190,14429221,-322,-438,8164,-16,4,0
1191,14441331,-318,-437,8164,-17,4,0
1192,14453444,-316,-438,8162,-17,4,-1
1193,14465551,-319,-441,8161,-17,4,-2
1194,14477672,-321,-433,8162,-18,4,0
1195,14489773,-315,-426,8159,-19,4,1
1196,14501867,-318,-431,8162,-19,4,1
1197,14513973,-319,-433,8157,-19,4,0
1198,14526092,-322,-432,8157,-19,4,-1
1199,14538195,-327,-435,8162,-18,5,-1
1200,14550296,-322,-439,8169,-18,5,-2
1201,14562401,-310,-433,8175,-17,6,-2
1202,14574512,-315,-431,8166,-17,5,-2
1203,14586628,-318,-438,8169,-16,4,-3
1204,14598734,-317,-439,8168,-16,4,-3
1205,14610845,-327,-431,8161,-15,3,-3
1206,14622953,-318,-420,8163,-14,1,-2
1207,14635067,-315,-411,8172,-15,0,-2
1208,14647186,-323,-422,8175,-14,0,-2
1209,14659288,-335,-436,8163,-14,-1,-2
1210,14671398,-328,-416,8164,-17,-1,-3
1211,14683503,-322,-407,8168,-17,-2,-4
1212,14695621,-322,-431,8166,-12,-2,-4
1213,14707729,-328,-460,8168,-13,-2,-4
1214,14719844,-322,-455,8168,-14,-1,-3
1215,14731959,-319,-452,8165,-14,-1,-2
1216,14744062,-322,-453,8164,-14,-1,-2
1217,14756179,-326,-450,8166,-16,-1,-1
1218,14768284,-325,-452,8166,-15,0,-1
1219,14780391,-318,-453,8181,-16,1,0
1220,14792502,-319,-447,8176,-17,2,-1
1221,14804607,-318,-440,8167,-18,3,-1
1222,14816729,-321,-436,8165,-18,4,0
1223,14828843,-321,-437,8166,-19,5,0
1224,14840953,-325,-443,8163,-18,5,1
1225,14853062,-325,-442,8162,-18,5,1
1226,14865184,-322,-436,8162,-19,4,0
1227,14877298,-315,-433,8162,-19,4,0
1228,14889414,-324,-437,8160,-18,4,1
1229,14901527,-327,-434,8157,-17,5,1
1230,14913630,-326,-432,8162,-18,4,0
1231,14925754,-320,-436,8168,-17,1,-1
1232,14937864,-316,-435,8168,-16,2,-1
1233,14949978,-323,-445,8156,-15,2,-1
1234,14962080,-329,-438,8159,-16,2,-1
1235,14974188,-333,-435,8164,-15,1,-1
1236,14986301,-331,-438,8166,-16,0,-1
1237,14998404,-329,-439,8160,-16,1,-2
1238,15010512,-326,-442,8159,-16,1,-2
1239,15022613,-325,-445,8169,-16,0,-2
1240,15034731,-324,-448,8174,-18,1,-1
1241,15046838,-323,-447,8174,-18,2,-1
1242,15058944,-328,-446,8169,-18,3,0
1243,15071047,-333,-449,8170,-18,3,-1
1244,15083147,-335,-448,8165,-18,4,-1
1245,15095279,-331,-446,8157,-17,4,-1
1246,15107394,-328,-446,8154,-17,4,-2
1247,15119500,-325,-448,8167,-17,4,-1
1248,15131602,-323,-450,8164,-17,3,0
1249,15143725,-323,-447,8167,-18,3,0
1250,15155834,-326,-435,8177,-17,2,0
1251,15167936,-339,-435,8170,-16,1,0
1252,15180038,-339,-446,8166,-16,1,0
1253,15192137,-331,-451,8171,-17,1,0
1254,15204263,-327,-445,8178,-17,3,-1
1255,15216371,-330,-436,8173,-16,2,-1
1256,15228467,-331,-434,8157,-17,2,-1
1257,15240565,-325,-437,8159,-17,2,-1
1258,15252664,-324,-444,8163,-17,2,-1
1259,15264793,-330,-453,8157,-17,2,0
1260,15276894,-331,-447,8160,-17,2,0
1261,15288995,-339,-457,8153,-17,3,-2
1262,15301096,-321,-445,8165,-16,3,-3
1263,15313222,-311,-404,8174,-18,5,-1
1264,15325324,-315,-457,8167,-13,5,0
1265,15337423,-329,-442,8157,-20,3,0
1266,15349522,-323,-453,8166,-17,2,0
1267,15361623,-319,-425,8175,-19,4,-1
1268,15373756,-327,-428,8180,-15,4,0
1269,15385855,-330,-448,8166,-19,3,0
1270,15397958,-340,-459,8174,-18,4,0
1271,15410064,-337,-463,8161,-16,5,0
1272,15422197,-341,-453,8165,-17,2,1
1273,15434303,-331,-457,8170,-18,3,0
1274,15446410,-328,-445,8163,-19,4,-1
1275,15458511,-325,-451,8148,-18,5,-1
1276,15470614,-323,-443,8153,-19,5,-1
1277,15482745,-325,-444,8157,-19,5,-1
1278,15494843,-327,-446,8161,-19,5,0
1279,15506944,-334,-446,8159,-18,4,0
1280,15519041,-335,-444,8159,-19,4,0
1281,15531143,-332,-444,8164,-19,5,0
1282,15543280,-330,-445,8164,-19,5,-1
1283,15555385,-327,-447,8152,-18,4,0
1284,15567490,-330,-449,8157,-18,4,0
1285,15579595,-339,-451,8164,-19,5,1
1286,15591731,-340,-447,8163,-19,5,0
1287,15603833,-336,-441,8165,-19,4,-1
1288,15615936,-324,-438,8160,-19,4,-1
1289,15628042,-322,-445,8165,-18,4,-1
1290,15640145,-321,-449,8167,-17,5,-2
1291,15652279,-323,-451,8159,-16,3,-1
1292,15664380,-326,-443,8155,-16,3,0
1293,15676480,-338,-440,8165,-16,3,0
1294,15688582,-338,-438,8164,-16,2,0
1295,15700670,-333,-440,8165,-17,3,-1
1296,15712823,-333,-447,8171,-17,4,-1
1297,15724935,-328,-442,8166,-17,4,-1
1298,15737040,-330,-438,8165,-18,3,0
1299,15749146,-329,-449,8162,-18,3,0
1300,15761289,-332,-447,8157,-20,3,0
1301,15773394,-334,-444,8164,-18,3,0
1302,15785505,-327,-429,8166,-19,3,0
1303,15797617,-332,-448,8158,-17,4,0
1304,15809710,-331,-446,8158,-17,3,0
1305,15821863,-328,-439,8167,-17,4,0
1306,15833968,-324,-450,8160,-18,4,0
1307,15846081,-331,-466,8153,-18,4,1
1308,15858174,-325,-454,8158,-17,4,1
1309,15870328,-327,-436,8170,-17,6,2
1310,15882439,-325,-467,8166,-18,5,2
1311,15894553,-321,-442,8168,-22,5,0
1312,15906667,-323,-458,8161,-17,6,0
1313,15918763,-332,-439,8158,-20,5,0
1314,15930923,-332,-441,8158,-18,4,1
1315,15943032,-327,-437,8163,-20,4,1
1316,15955140,-329,-438,8175,-18,5,1
1317,15967232,-329,-438,8174,-18,6,1
1318,15979344,-333,-445,8173,-18,6,0
1319,15991498,-337,-452,8170,-20,5,0
1320,16003608,-330,-441,8168,-20,5,0
1321,16015699,-328,-440,8159,-19,5,1
1322,16027812,-325,-440,8163,-20,6,1
1323,16039970,-317,-443,8170,-20,4,0
1324,16052083,-316,-435,8173,-21,3,-1
1325,16064195,-330,-435,8162,-20,2,-1
1326,16076286,-337,-441,8165,-20,2,-1
1327,16088393,-343,-452,8169,-19,3,-1
1328,16100549,-344,-455,8168,-20,6,-1
1329,16112659,-334,-449,8163,-20,6,-1
1330,16124753,-327,-444,8162,-20,6,-1
1331,16136864,-328,-451,8165,-20,7,0
1332,16148974,-321,-454,8164,-20,9,2
1333,16161127,-321,-455,8164,-21,9,3
1334,16173218,-327,-446,8168,-23,10,3
1335,16185391,-324,-446,8174,-24,10,3
1336,16197439,-322,-448,8172,-24,10,4
1337,16209595,-326,-446,8168,-26,12,4
1338,16221706,-322,-440,8168,-26,13,4
1339,16233798,-324,-427,8165,-26,14,4
1340,16245902,-335,-425,8165,-27,14,5
1341,16258008,-337,-433,8163,-27,14,6
1342,16270163,-330,-437,8162,-27,15,6
1343,16282254,-323,-435,8173,-27,16,6
1344,16294356,-318,-434,8173,-28,16,6
1345,16306459,-312,-428,8170,-29,15,7
1346,16318564,-311,-419,8168,-30,16,6
1347,16330715,-315,-412,8165,-29,15,6
1348,16342801,-323,-420,8164,-28,14,7
1349,16354907,-323,-417,8163,-27,13,8
1350,16367015,-321,-419,8166,-27,14,8
1351,16379173,-313,-431,8169,-25,13,7
1352,16391260,-298,-430,8164,-25,11,7
1353,16403365,-271,-440,8162,-22,9,6
1354,16415467,-270,-438,8152,-20,8,5
1355,16427568,-284,-422,8154,-19,5,3
1356,16439699,-296,-426,8161,-16,3,2
1357,16451802,-312,-428,8160,-16,1,1
1358,16463906,-320,-435,8158,-15,-1,0
1359,16476013,-325,-422,8159,-14,-3,-1
1360,16488156,-326,-408,8168,-13,-2,-3
1361,16500269,-325,-422,8173,-12,-1,-4
1362,16512376,-321,-421,8168,-15,0,-4
1363,16524481,-328,-425,8162,-14,1,-5
1364,16536586,-328,-423,8160,-14,2,-5
1365,16548718,-317,-423,8157,-16,3,-4
1366,16560826,-311,-435,8161,-17,5,-4
1367,16572933,-318,-432,8163,-17,5,-3
1368,16585036,-315,-421,8157,-19,5,-1
1369,16597148,-311,-425,8158,-20,7,-2
1370,16609283,-304,-435,8165,-20,8,-1
1371,16621387,-289,-433,8171,-21,8,0
1372,16633490,-291,-430,8160,-21,9,1
1373,16645602,-293,-427,8154,-22,8,1
1374,16657738,-298,-429,8158,-20,6,3
1375,16669848,-303,-426,8167,-21,4,2
1376,16681957,-317,-435,8175,-20,3,2
1377,16694065,-318,-441,8165,-19,3,2
1378,16706182,-318,-437,8161,-19,3,2
1379,16718314,-326,-438,8167,-19,4,2
1380,16730424,-328,-435,8175,-20,6,2
1381,16742531,-320,-432,8172,-20,7,3
1382,16754639,-317,-423,8166,-21,8,2
1383,16767025,-317,-415,8160,-22,8,1
