stride,hs_time_s,next_hs_time_s,stride_time_s,stance_time_s,stride_length_m_old,stride_height_m_old,min_height_m_old,stride_length_m_hs,stride_height_m_hs,min_height_m_hs,ms_time_s,next_ms_time_s,stride_length_m_zupt,stride_height_m_zupt,min_height_m_zupt,seg_start_s,seg_end_s,samples,max_gap_s,clipped_acc_samples,stride_length_m,stride_height_m,min_height_m,height_peak_time_s,height_peak_phase,accepted,reject_reason
1,7.875671625137329,9.153391122817993,1.277719497680664,0.8291001319885254,1.21305018387314,0.18891295830493116,-0.03443042216548394,1.3731102269387176,0.2573545162095249,-0.056041263534350676,8.552181482315063,9.673845529556274,1.0638444580559714,0.07185987471989778,-0.17541649994748146,7.875671625137329,9.153391122817993,36,0.15030431747436523,0,1.3731102269387176,0.2573545162095249,-0.056041263534350676,8.851205825805664,swing,False,first stride (gait start)
2,9.153391122817993,10.424692153930664,1.271301031112671,0.8205716609954834,1.6537027085779814,0.1700344607018921,-0.05533941264576321,1.9874625750139536,0.24128495683154094,-0.05342768291679194,9.673845529556274,11.099656581878662,0.7570785591126515,0.1605082417915425,-0.16956058208280145,9.153391122817993,10.424692153930664,44,0.21942853927612305,3,1.9874625750139536,0.24128495683154094,-0.05342768291679194,10.273312330245972,swing,True,
3,10.424692153930664,11.850643634796143,1.4259514808654785,0.9753193855285645,1.0916316768938443,0.13103550745330173,-0.12397362085208549,1.0189881488837738,0.18645136378387317,-0.09838348689347495,11.099656581878662,12.358871221542358,1.3036127462906186,0.11600567360979983,-0.12702774255602042,10.424692153930664,11.850643634796143,39,0.22547245025634766,0,1.0189881488837738,0.18645136378387317,-0.09838348689347495,11.62866497039795,swing,True,
4,11.850643634796143,13.12328815460205,1.2726445198059082,0.8231570720672607,1.3101627021469593,0.18304179396111858,-0.008015070954158262,1.2584577752046655,0.16962334128481393,-0.01902232119229208,12.358871221542358,13.725418329238892,0.9104380331797076,0.0,-0.18653385573304976,11.850643634796143,13.12328815460205,41,0.14502310752868652,2,1.2584577752046655,0.16962334128481393,-0.01902232119229208,12.676416397094727,swing,True,
5,13.12328815460205,14.401764869689941,1.2784767150878906,0.8287556171417236,0.9955944396373353,0.13711027307973042,-0.014735576771266735,1.111410600410452,0.17180081385600166,-0.01222904663130803,13.725418329238892,14.624824285507202,0.42109969805619135,0.1074614582229497,-0.022145914858191784,13.12328815460205,14.401764869689941,54,0.07205677032470703,1,1.111410600410452,0.17180081385600166,-0.01222904663130803,13.653687238693237,stance,True,
6,14.401764869689941,15.974375486373901,1.57261061668396,1.123347520828247,0.8999871932989344,0.30887814546515147,0.0,0.9627501970186735,0.3086663122279147,-0.0007462727876975106,14.624824285507202,16.424450874328613,0.3859257405149047,0.023192453708216362,-0.3059169108668294,14.401764869689941,15.974375486373901,49,0.14665746688842773,1,0.9627501970186735,0.3086663122279147,-0.0007462727876975106,15.074994802474976,stance,True,
7,15.974375486373901,17.102148294448853,1.1277728080749512,0.6757276058197021,0.2989635418691624,0.10421032435990596,-0.0761289864963069,0.4746196630656742,0.09569948809999262,-0.02950239442479921,16.424450874328613,17.628133296966553,0.9348267683114692,0.10663395110996941,-0.19080750639794192,15.974375486373901,17.102148294448853,43,0.14406538009643555,1,0.4746196630656742,0.09569948809999262,-0.02950239442479921,16.199820518493652,stance,True,
8,17.102148294448853,18.452835083007812,1.35068678855896,0.9702024459838867,1.1870574135146366,0.21107990776763613,-0.03298893844165153,1.0842753285922102,0.24001352800287218,-0.034879583980601765,17.628133296966553,18.604671478271484,0.38927976971474937,0.13598494484408663,-0.017143209286843486,17.102148294448853,18.452835083007812,51,0.14610028266906738,0,1.0842753285922102,0.24001352800287218,-0.034879583980601765,18.07235074043274,swing,True,
9,18.452835083007812,19.73058009147644,1.277745008468628,0.5282819271087646,1.8588198008180972,0.2350504643118394,-0.045641789534331415,1.2123337278838346,0.2359866703259896,-0.0055032622704628414,18.604671478271484,20.399346590042114,0.6361607837464363,0.11239406179552971,-0.21839581094499633,18.452835083007812,19.73058009147644,31,0.14632844924926758,4,1.2123337278838346,0.2359866703259896,-0.0055032622704628414,18.89901828765869,stance,True,
10,19.73058009147644,21.077301740646362,1.3467216491699219,0.8197727203369141,0.5345110990453338,0.14349799133889513,-0.010258803573475042,0.4965287561894468,0.157427846280967,-0.0011388207022423368,20.399346590042114,21.60024118423462,0.9939260315313674,0.11246415222813182,-0.2120083329713494,19.73058009147644,21.077301740646362,49,0.14439606666564941,2,0.4965287561894468,0.157427846280967,-0.0011388207022423368,20.700586080551147,swing,True,
11,21.077301740646362,22.42653465270996,1.3492329120635986,0.8238117694854736,1.163719854588316,0.20136521017601555,-0.0301374442466192,1.3689752645469198,0.24549629586607713,-0.03891550944212316,21.60024118423462,23.03213334083557,1.0531212434149024,0.001579406478583175,-0.21903838237666265,21.077301740646362,22.42653465270996,50,0.14284944534301758,1,1.3689752645469198,0.24549629586607713,-0.03891550944212316,21.97444772720337,swing,True,
12,22.42653465270996,23.698707103729248,1.272172451019287,0.9737420082092285,1.034762934450279,0.16681272213985376,-0.023470151436574292,1.0387739037880803,0.1523699805456996,-0.03431420716379026,23.03213334083557,24.222482442855835,0.7225124708032191,0.0708598707606483,-0.11880901063551715,22.42653465270996,23.698707103729248,36,0.14636492729187012,2,1.0387739037880803,0.1523699805456996,-0.03431420716379026,23.40027666091919,swing,True,
