event_cycle,HS_time_s,TO_time_s,stance_s
1,7.367127788136117,7.593421815758045,0.22629402762192807
2,8.724891953867688,9.102048666570902,0.37715671270321316
3,10.208375023833664,10.409525270608711,0.20115024677504678
4,11.490707847024591,11.767289436340283,0.27658158931569155
5,12.77304067021552,13.04962225953121,0.27658158931568977
6,14.256523740181496,14.482817767803425,0.22629402762192896
7,15.538856563372423,15.815438152688115,0.27658158931569155
8,16.77090182486959,16.972052071644637,0.20115024677504678
9,18.10352220975428,18.35496001822309,0.2514378084688076
10,19.310423690404566,19.587005279720255,0.27658158931568977
11,20.7184754178299,21.070488349686233,0.35201293185633276
12,22.000808241020827,22.252246049489635,0.2514378084688076
13,23.257997283364872,23.735729119455613,0.4777318360907401
14,24.766624134177732,24.992918161799658,0.2262940276219254
