time_s,filtered_gyr_y,smoothed_gyr_y,motion_detected
0.0,-2.5710046555042024e-06,0.0009567131346554306,False
0.0018053054809570312,-1.57333003798983e-05,0.0008727392474864291,False
0.00447535514831543,-5.447004469880321e-05,0.0007902714388296651,False
0.14977407455444336,-0.0001525772568967,0.0007093097086851388,False
0.15172672271728516,-0.0003595846757276,0.0006298540570528496,False
0.15371108055114746,-0.0006897416371098,0.0005519044839327981,False
0.2999405860900879,-9.562922136701856e-06,0.00047546098932498395,False
0.3016395568847656,-5.541401689837095e-05,0.00040052357322940737,False
0.30370140075683594,-0.0001423581023097,0.00032709223564606816,False
0.3748819828033447,-0.0002194617272458,0.00025516697657496654,False
0.37737369537353516,-0.0002387638233096,0.0001847477960161023,False
0.37938690185546875,-0.0002091424594968,0.00011583469396947552,False
0.4498755931854248,-0.0001355385462436,4.842767043508611e-05,False
0.5998201370239258,7.753039536999307e-06,-1.7473274587065596e-05,False
0.602550745010376,7.911654661630106e-05,-8.186814109697993e-05,False
0.6058733463287354,0.0003756419379669,-0.0001447569290946569,False
0.6757349967956543,0.001074816953339,-0.00020613963858009629,False
0.6773178577423096,0.0020753885751551,-0.0002660162695532983,False
0.6793115139007568,0.0028942230705749,-0.0003243868220142627,False
0.750779390335083,0.0030964806774071,-0.00038125129596299,False
0.7524690628051758,0.0028403561874037,-0.00043660969139947946,False
0.7561764717102051,0.0026650940364284,-0.0004904620083237316,False
0.8255820274353027,8.562381108577351e-05,-0.0005428082467357461,False
0.8281619548797607,0.0004834424259289,-0.0005936484066355232,False
0.8298859596252441,0.0011288597893792,-0.0006429824880230632,False
0.9005763530731201,0.0012763235725961,-0.0006908104908983652,False
0.9024028778076172,0.0002488843105967,-0.0007371324152614302,False
0.9059381484985352,-0.0015739132367068,-0.0007819482611122572,False
0.9811406135559082,-0.003150744163724,-0.0008252580284508473,False
0.9814140796661377,-0.003954229604591,-0.0008670617172771996,False
1.1256980895996094,-0.000194316066785,-0.0009073593275913147,False
1.1275427341461182,-0.0010249141752943,-0.000946150859393192,False
1.1293461322784424,-0.0023124058994379,-0.000983436312682832,False
1.27433180809021,-0.0028521970346483,-0.0010192156874602345,False
1.2762293815612793,-0.0019103912677968,-0.0010534889837253997,False
1.277930736541748,-0.0004636684094977,-0.001086256201478285,False
1.4250309467315674,-2.732845132506926e-05,-0.0011388669440764588,False
1.4268007278442383,-0.0006571221280579,-0.001155988148252478,False
1.4286365509033203,-0.0013250930935321,-0.0013015439771245328,False
1.4993128776550293,-0.0003713267015417,-0.0013761404147395327,False
1.5748467445373535,-0.0016377458257154,-0.0014138792950674826,False
1.5769054889678955,-0.0027720589495283,-0.0015652931071531173,False
1.5787246227264404,-0.0030383146786309,-0.0016595411300034692,False
1.7307345867156982,-0.0041694890013213,-0.0016998503057910346,False
1.7313027381896973,-0.0051043987980748,-0.0017753392828398335,False
1.7314248085021973,-0.0037640143744729,-0.001809562922273543,False
1.8756003379821777,-0.0008588009054469,-0.0018437317886617,False
1.87742018699646,-0.0028636838002704,-0.0018783222237153303,False
1.8797345161437988,-0.003259369483213,-0.001924130785130088,False
2.026049852371216,-0.0018670881506752,-0.0019620170192687033,False
2.028109312057495,-0.0017837291702019,-0.0019093969060292038,False
2.0298550128936768,-0.0018272655343394,-0.0018555825820449048,False
2.175715446472168,-0.0018035891675132,-0.0018379350001321508,False
2.1773645877838135,-0.0033995905075549,-0.0016910642890428152,False
2.1792943477630615,-0.0032121366140844,-0.0015004612453840152,False
2.326176881790161,-0.0004807281898436,-0.0013457537575884346,False
2.481424331665039,-0.0012253403077308,-0.00135890218359167,False
2.481701135635376,-0.0003733185346161,-0.0013360941824759644,False
3.1493334770202637,0.0011776138274511,-0.001219683392902451,False
3.1510229110717773,0.0007071874668496,-0.0011878921089034354,False
3.154370069503784,2.1853338643350567e-05,-0.0011505475981773811,False
3.299438953399658,0.0024034240196224,-0.0009640092451658961,False
3.3010241985321045,0.0044351036171401,-0.000871335275288622,False
3.3046724796295166,0.0020314851811921,-0.0008215326161228061,False
3.449385404586792,-0.0055125941762901,-0.0009385194028378934,False
3.451059579849243,-0.0044845168739509,-0.0010627998763653806,False
3.4542531967163086,0.0004779169439838,-0.0010322227586036013,False
3.5994715690612793,-0.0047171056828863,-0.0009998222645808091,False
3.6010940074920654,-0.0016268913824342,-0.0009354988425457941,False
3.6043856143951416,-0.0008952392318768,-0.0008938389357645276,False
3.7493696212768555,-0.0014755699256791,-0.0007684659412147689,False
3.751145839691162,-0.0012824192235718,-0.00046061973537462567,False
3.7543888092041016,-0.0030568911751809,-0.00022021434345913818,False
3.8247456550598145,0.0032112457378511,0.00013669020472833917,False
3.8260819911956787,0.0002077965556459,0.0005724239524868712,False
3.827991247177124,-0.0016590585048729,0.0009302795796109749,False
3.8994574546813965,0.0036731376410131,0.0012864942995420726,False
3.90132212638855,0.0022258198357916,0.00109970478576035,False
3.903968095779419,-1.903171677424876e-05,0.0009027378186398782,False
4.0493388175964355,0.001870468613657,0.0008399617228041082,False
4.051064729690552,0.0001510216820499,0.0008728438581240682,False
4.054497718811035,0.0003187494476246,0.0012990976778226363,False
4.199387311935425,0.0005870920742919,0.002267996702145763,False
4.2022035121917725,0.0014963803887949,0.002168826213866857,False
4.203688621520996,0.0016550803048981,0.0021630526726180324,False
4.349435329437256,-0.0024267579215364,0.0017353572562946917,False
4.352162837982178,-0.0023072692235683,0.0013244433829242167,False
4.3534369468688965,0.0002486357455376,0.0010844138923069735,False
4.499557018280029,-0.0047564455262114,0.0006897212485869474,False
4.50373101234436,-0.0062035055662344,0.0002391069662327712,False
4.504204273223877,-0.0043705383282817,-0.00026779324767427313,False
4.656251668930054,0.0039798829913197,-0.0004357806583902797,False
4.65646505355835,0.0032869215043214,-0.0004902752006054727,False
4.656685829162598,-0.0032373139655716,-0.0006596398854354961,False
4.802496671676636,0.0013589844360604,-0.00040839982236344133,False
4.80296516418457,0.0024103208154422,-0.00022595596043817627,False
4.8044273853302,-0.0041592694001746,-0.00019498499913814525,False
4.952443838119507,-0.0006794922180302,6.0698129460632245e-05,False
4.952839612960815,-0.000331527555968,0.00010928936688010119,False
4.955507516860962,0.006367896307177,0.00020444261882010276,False
5.552135705947876,0.0065876996685786,0.0005617178273004957,False
5.924490928649902,0.0036886720407354,0.0009940789285429637,False
5.926161527633667,0.0033944476522646,0.001463260264564676,False
5.928070783615112,0.0008556739350462,0.0024211991879409117,False
5.9993836879730225,0.0013589844360604,0.0037462403371423497,False
6.002508640289307,-0.0018607731264618,0.004409272075234376,False
6.005579710006714,-0.0098624929949508,0.006057799651471288,False
6.075918674468994,-0.0072802737646093,0.008192013383551177,False
6.078035593032837,-0.0147845033364831,0.008036439984896816,False
6.079655647277832,-0.0215891691529006,0.0065777121781849905,False
6.15626335144043,-0.0196082040060145,0.005263926450244043,False
6.15651273727417,-0.0235311964835753,-0.0004410380261736383,False
6.301399230957031,-0.0004853515843072,-0.011245320009889223,False
6.302391052246094,-0.0002090710208738,-0.021522994874657767,False
6.30450701713562,-0.0082750250489615,-0.03311226152624536,False
6.376004219055176,-0.0155312506978333,-0.0466897692146198,False
6.378008842468262,-0.0364908599444318,-0.060919233366425164,False
6.379880905151367,-0.0660632996171915,-0.07399631907614442,False
6.451828718185425,-0.0231998057298885,-0.08607028833693658,False
6.452326536178589,-0.0312325801270585,-0.09752856312411845,False
6.454551458358765,-0.0121777291401361,-0.10674949104921515,False
6.525747060775757,-0.013783984994327,-0.1139542383704441,False
6.527946949005127,-0.0235461724714867,-0.11830037255393733,False
6.529935121536255,-0.0180799307526084,-0.12086011022573377,False
6.601000785827637,-0.0185957616459491,-0.11907748182154243,False
6.602412939071655,-0.0172945418791035,-0.11414325454117136,False
6.604476451873779,-0.0328606373639268,-0.1076667070778389,False
6.675893545150757,-0.0427784640101165,-0.09355827372869852,False
6.677496671676636,-0.0406904083854373,-0.07585985890754023,False
6.679565191268921,-0.0643904049125683,-0.061836096765833626,False
6.750969171524048,-0.0686214882964585,-0.04670287978579671,False
6.752564907073975,-0.0693148088558966,-0.03409288471637485,False
6.754504442214966,-0.0855055683175984,-0.02438327954118635,False
6.825713634490967,-0.0818724990934949,-0.013816753819322423,False
6.827695846557617,-0.0950098930297421,-0.006222751762831675,False
6.829435348510742,-0.1269570549486534,0.0021121378998840814,False
6.900854825973511,-0.1449891140458546,0.00890573100175595,False
6.902605295181274,-0.1585211986308472,0.01473234676331114,False
6.9045634269714355,-0.2073314266886119,0.020448823692423512,False
6.975801229476929,-0.2477294134206058,0.024796785891022674,False
6.977533578872681,-0.243146300933647,0.029416577436700068,False
6.979670524597168,-0.3219527310117538,0.033646306616919,False
7.051399230957031,-0.3851183012413036,0.03829943342278251,False
7.05247688293457,-0.3174100453328111,0.04295864945141821,False
7.124387502670288,-0.2792594999306773,0.04724590560353435,False
7.126085042953491,-0.3174411576244483,0.05100932428757041,False
7.12807822227478,-0.1286952172709534,0.0545224344131743,False
7.130032539367676,0.1331426188521427,0.05745000698508658,False
7.200747489929199,0.1411775354063444,0.06066936996048017,False
7.202550888061523,0.2421045214857307,0.06384916604460576,False
7.204551935195923,0.3960751934561617,0.06629182964783667,False
7.27630877494812,0.4998938618709298,0.06862416605587893,False
7.278229713439941,0.5275199021228425,0.07040632854959085,False
7.27998423576355,0.5648048979594756,0.07059024064512268,False
7.350896596908569,0.6257917853792324,0.07260963929986669,False
7.352491855621338,0.6102174151237879,0.075507562860159,False
7.354814052581787,0.5960723409613459,0.07784923921920939,False
7.425795316696167,0.5386479399472661,0.07915921634292711,False
7.4281227588653564,0.5275346370397089,0.07930646138732103,False
7.429858446121216,0.3742953597471476,0.0786190378960864,False
7.501279354095459,0.2600983318688031,0.07586525190197747,False
7.502913236618042,0.2128165588209416,0.0720609612153083,False
7.50454568862915,-0.1441982029013175,0.06580656621231012,False
7.575606822967529,-0.3583693387417052,0.0574761217414363,False
7.577548503875732,-0.2410829683646969,0.049677294109706026,False
7.579589605331421,-0.3363170995496207,0.03870877863674109,False
7.651077747344971,-0.2633188563335463,0.025063246988697243,False
7.652601718902588,-0.1675914622419665,0.011547993332090955,False
7.6546642780303955,-0.2370288323040811,-0.003084173039747144,False
7.72594428062439,-0.1244569366433329,-0.018162188327352988,False
7.727728366851807,-0.1756484461268109,-0.03186901254680741,False
7.730113506317139,-0.1242905479265581,-0.045153563330627554,False
7.801334381103516,-0.0973440375913735,-0.057129518638477345,False
7.802578449249268,-0.1068681601113271,-0.06720505242182942,False
7.804623126983643,-0.0560494362453998,-0.07675559854858355,False
7.87585973739624,-0.0775319375574666,-0.0867057906916707,False
7.877585411071777,-0.0725060250578572,-0.09446105172394689,False
7.879614353179932,-0.113746180224844,-0.10185316808523848,False
7.951146841049194,-0.1286043626132026,-0.11258561919479466,False
7.95304274559021,-0.137205669114917,-0.12150208707107421,False
7.9550511837005615,-0.1391993695350039,-0.12960145277543997,False
8.02559232711792,-0.1458070667873487,-0.1406135007407528,False
8.02760624885559,-0.142340074149401,-0.1502287395824092,False
8.029542207717896,-0.1519661547673011,-0.15619742587176066,False
8.100865125656128,-0.1682934276996091,-0.16184776565591,False
8.10359501838684,-0.1604917739405498,-0.1649532499165703,False
8.105547666549683,-0.1829993333349695,-0.16387083331518387,False
8.175812005996704,-0.202723693419623,-0.15970343107170404,False
8.177529335021973,-0.1845552939968844,-0.15288469020074086,False
8.179606914520264,-0.2586914157817425,-0.1429532233012106,False
8.250847339630127,-0.3465271307754047,-0.12904429718124308,False
8.25264859199524,-0.343433154373698,-0.1145071981972978,False
8.254664897918701,-0.335203670755716,-0.09784396283659907,False
8.332512140274048,-0.3273337072999441,-0.07937403556170507,False
8.332736492156982,-0.3175924752598492,-0.058426096456938914,False
8.475904941558838,-0.2485736615295112,-0.03912368013772816,False
8.477634191513062,-0.2177360933109365,-0.023425279438158683,False
8.479566097259521,-0.1294816715952444,-0.009628941041611555,False
8.550880670547485,-0.0423202439724151,-0.0063176289404045785,False
8.552727222442627,-0.0621547705838227,-0.011976298521665775,False
8.554581880569458,0.0738035191742864,-0.018052753737644978,False
8.625713348388672,0.2235403224043697,-0.02644367699236526,False
8.62759804725647,0.255473919978429,-0.036268528649487666,False
8.62949013710022,0.336282276942166,-0.04344336694468801,False
8.706249475479126,0.4137951034159919,-0.05383189428908157,False
8.706475973129272,0.3898354561082899,-0.05949386827152312,False
8.8509521484375,0.3847574949048433,-0.05973068231265412,False
8.85277533531189,0.342879049646853,-0.054023695651695416,False
8.854707717895508,0.2649633192463018,-0.0477877979960655,False
8.925828218460083,0.2006788808064803,-0.042611886068163685,False
8.927634954452515,0.1742109000204319,-0.0348516911902272,False
8.930068254470825,0.055773687622002,-0.020742434589709945,False
9.000923871994019,-0.0840945265313762,-0.011343868843870493,False
9.003106832504272,-0.0518715387268345,-0.004583219183848798,False
9.004498720169067,-0.1370852049072706,0.005130323074891202,False
9.082345485687256,-0.2089900188645386,0.007139179808662093,False
9.08269476890564,-0.184660761318336,0.01132243367868572,False
9.226354360580444,-0.1207083674366673,0.013118096308799286,False
9.228193283081055,-0.0487169342357017,0.01540200906633427,False
9.231436729431152,-0.0485249831087262,0.018175646061161274,False
9.455934047698975,-0.0524681004222775,0.0212508077831187,False
9.456228733062744,-0.0628987695437916,0.02355539620499239,False
9.600898027420044,-0.0513501976197114,0.025207809053636347,False
9.602824926376343,-0.0856813574893393,0.025937891839093702,False
9.60468339920044,-0.1307375798183176,0.02585062624381337,False
9.675988912582397,-0.1906567733879709,0.026881086086134286,False
9.67761492729187,-0.1648911258702763,0.02708368634203537,False
9.679597854614258,-0.2087508896097154,0.023820465885948036,False
9.750881671905518,-0.2915536593332273,0.020641432057741167,False
9.753127336502075,-0.3728303120325485,0.013583466851754367,False
9.755046129226685,-0.4183501887698475,0.0022897009570746335,False
9.831875324249268,-0.3460993733797278,-0.00900911502744545,False
9.832220554351807,-0.2870535784518993,-0.02436286407214653,False
9.975982666015625,-0.1445667429056464,-0.03935181648160482,False
9.977657556533813,0.0529328598437745,-0.058667559335854935,False
9.981640338897705,0.1932016737627382,-0.08060097538335093,False
10.126099824905396,0.2222910256127395,-0.09622476158630087,False
10.12784218788147,0.3879361813132262,-0.10768942477156947,False
10.131158351898193,0.4055654286464136,-0.1142428691025452,False
10.200966358184814,0.5457036749328981,-0.11641696502600944,False
10.2027108669281,0.499281885036306,-0.11239497096167879,False
10.2046959400177,0.2361681728533419,-0.10489931286271816,False
10.276415824890137,0.015451214217101,-0.09544746542603227,False
10.278135061264038,0.0155563120309652,-0.08091597299140417,False
10.281739950180054,0.0580219927243925,-0.06642216878894194,False
10.35093641281128,-0.0109352784559855,-0.052083861632865804,False
10.352582931518555,-0.3573739851763281,-0.03179796687810769,False
10.426337957382202,-0.1657872603909151,-0.01686589658615574,False
10.500333309173584,-0.1026437400381619,-0.011515390886239053,False
10.501899480819702,-0.2899487848008094,-0.0010425199378523205,False
10.504133224487305,0.0415972151508669,0.002516959013241886,False
10.725058794021606,-0.0731360191698751,0.003002648058885014,False
10.727177619934082,0.0206852953386427,0.0044818223353505745,False
10.730276346206665,-0.0075387975099898,0.003912245361979525,False
10.875900030136108,-0.0552330102941697,0.00617217197628941,False
10.950987339019775,-0.110165450118773,0.006871212975544023,False
10.952690839767456,-0.0938713396812063,0.008276393773873833,False
10.954696416854858,-0.1151268743420517,0.008734937796355664,False
11.025875329971313,-0.1263620999878082,0.01020244602334144,False
11.0278000831604,-0.104315435958461,0.010660580594253857,False
11.032056331634521,-0.2811258809005441,0.009963313856012481,False
11.100874423980713,-0.4127244940716707,0.0074468184801474505,False
11.102676630020142,-0.3385121134613434,0.004845911312438684,False
11.249506950378418,-0.4270990822359908,0.001031931765141915,False
11.251348733901978,-0.3264872797988521,-0.00503515125061605,False
11.25312089920044,-0.1891751820727708,-0.013277540873485408,False
11.255137205123901,-0.1768908084976564,-0.02393465143792577,False
11.40094780921936,0.0092216801018385,-0.03341947603361121,False
11.403151035308838,0.0687182507431964,-0.04333344270479484,False
11.404655694961548,0.3868664966797001,-0.0489264591483231,False
11.476328134536743,0.5544839821220948,-0.05115606921052871,False
11.479399919509888,0.4675738000622821,-0.051928766029008165,False
11.480431079864502,0.5115459319988684,-0.052740176174449926,False
11.551072835922241,0.4097565826160485,-0.05058239257559019,False
11.55261778831482,0.3800357970368886,-0.04940478562330483,False
11.55472445487976,0.2617495288248733,-0.051509319093490866,False
11.625946283340454,0.1594506466724531,-0.0534472027651559,False
11.62956690788269,0.1378756116841082,-0.05943035577356534,False
11.630400896072388,-0.087763842761203,-0.07062069828558044,False
11.700927972793579,-0.1335085638785679,-0.07793275484715444,False
11.702629327774048,-0.1745869384218958,-0.08257352936261207,False
11.704596757888794,-0.4965909334886015,-0.08518640409051866,False
11.775951623916626,-0.4000861464750375,-0.09258343916398995,False
11.777687311172485,-0.1148038127204168,-0.09372002228022636,False
11.780381202697754,-0.3564154817570113,-0.09199007496139343,False
11.850967168807983,-0.1520396654186432,-0.09085439878825577,False
11.852664232254028,-0.109350041748811,-0.0795037335124892,False
11.854910135269165,-0.1673830808719764,-0.07230794048546822,False
11.925955295562744,-0.030383536618881,-0.06327918531746768,False
11.929110527038574,-0.1019874646567397,-0.050961372471832536,False
12.006353616714478,-0.032877933604964,-0.04022495284443599,False
12.006690740585327,-0.0733051019447226,-0.03309213437938322,False
12.006893396377563,-0.0438431467145687,-0.023909067074986166,False
12.151052236557007,-0.08564877752975,-0.016541934288932542,False
12.152710437774658,-0.0821497995045543,-0.008626268207124498,False
12.155071258544922,-0.0882592287006954,-0.0012187203652062866,False
12.22624135017395,-0.0856727001492228,0.002436744191354711,False
12.22981595993042,-0.081711049008446,0.0021289409631541295,False
12.230098009109497,-0.0964153593109676,0.0012331031577719693,False
12.300983428955078,-0.112448567600432,-0.0025080949716764483,False
12.30268406867981,-0.1463973202523196,-0.006526720397318726,False
12.304628372192383,-0.1454142542969883,-0.007890412299804599,False
12.381401538848877,-0.1990112371520695,-0.010700128617509646,False
12.381627798080444,-0.1842411677282125,-0.009713214068951866,False
12.525951147079468,-0.3040418548766834,-0.007944964192954212,False
12.529383659362793,-0.307736121567285,0.0011952083305429746,False
12.529646396636963,-0.2495811282733656,0.015011557148771695,False
12.600947856903076,-0.2115179080408868,0.02836885908388327,False
12.6027512550354,-0.1570672689816002,0.043374670394223686,False
12.604618787765503,-0.0367199683415291,0.0574380122651862,False
12.67598032951355,0.3644099982977582,0.07361734915940368,False
12.679667472839355,0.4581817642423407,0.08853885997626912,False
12.679953813552856,0.5238350428916762,0.10226742526647217,False
12.755939245223999,0.6662359131421414,0.11739950195005397,False
12.75620150566101,0.5865821681769308,0.12949071385348876,False
12.901318550109863,0.602559980964563,0.13920914644198223,False
12.902806043624878,0.5294694318398105,0.14618827321387245,False
12.904755353927612,0.4592563318642031,0.14368244703297142,False
12.976029872894287,0.3807362446529194,0.14085058368825237,False
12.979670524597168,0.3415743487679771,0.14039748495821003,False
12.979952096939087,0.1916573024408855,0.1280565197870586,False
13.050987005233765,0.0367639831477096,0.11848643386214835,False
13.053264856338501,0.1249979545706808,0.10982137007618545,False
13.055286407470703,0.1442266014228657,0.09926264461221637,False
13.131140947341919,-0.0344676054668802,0.09383821490543558,False
13.131406545639038,-0.0192888035873586,0.08756660128228702,False
13.276244640350342,0.0852388996708666,0.08449450326554248,False
13.27854585647583,-0.0088500286020659,0.08171868291577428,False
13.28012228012085,0.038150082781205,0.0827662078943847,False
13.351104259490967,-0.0202182772062925,0.08602832731590127,False
13.352709531784058,0.0024389577752916,0.09063640301394488,False
13.354647636413574,-0.0327046947176176,0.10045817719299702,False
13.426164865493774,-0.038196030862872,0.11076387857690824,False
13.428447961807251,-0.0005820378854114,0.11600078474368959,False
13.429662942886353,-0.0202180175680235,0.12154632109689803,False
13.506520509719849,0.0293775438296625,0.12812580030543305,False
13.506640911102295,-0.0065645492540816,0.1263983144707755,False
13.650990724563599,0.0364922738019526,0.1251442287168352,False
13.652681827545166,0.0207470249107164,0.1235748894862611,False
13.654788255691528,0.0381756413779479,0.11775563734991744,False
13.726041078567505,0.0302737883875408,0.10858902802326628,False
13.729651689529419,0.0345104858878915,0.09597521988635,False
13.72988486289978,0.0348654953199333,0.08373736979085983,False
13.80102252960205,0.0675621300152613,0.06971265810634814,False
13.802846670150757,0.0775918775157491,0.0553293695548411,False
13.804682493209839,0.0027144166148945,0.04316586806748352,False
13.876769065856934,-0.01691355268547,0.03922992608702337,False
13.878798246383667,-0.0411132778775623,0.03835078431796206,False
13.88023853302002,-0.122596587107514,0.03914604661420273,False
14.027316331863403,-0.2276729687556269,0.044400806793604274,False
14.02864146232605,-0.2090286155598114,0.048788302788914995,False
14.029666423797607,-0.1701661763717694,0.05504630333182056,False
14.100805521011353,-0.1123221158058121,0.06118241830605301,False
14.102869510650635,-0.0796495969336043,0.06737506100697149,False
14.105231046676636,0.0511069017463772,0.07229809005795179,False
14.177504777908325,0.3624281056095575,0.07760032766633626,False
14.178208589553833,0.4498431851522477,0.08021572097382251,False
14.179632663726807,0.4875052779250157,0.07945886542071759,False
14.251023054122925,0.561029558707889,0.08141813322874125,False
14.252768993377686,0.5012215693290263,0.08473880370597761,False
14.25566053390503,0.5145999323235504,0.08454084660072707,False
14.327702760696411,0.4729178093976978,0.07817813301269493,False
14.327996492385864,0.4546424379293896,0.07037244407090301,False
14.33021354675293,0.326475095823226,0.06036312545116992,False
14.401095867156982,0.181487736509687,0.04563962894256904,False
14.402820587158203,0.1033948183801423,0.0290012065501059,False
14.404716730117798,-0.1943734123132408,0.014213729118467286,False
14.477526903152466,-0.2873233742469622,-0.0032247994919576643,False
14.477856397628784,-0.1093499852826017,-0.020375187510062065,False
14.479843139648438,-0.1984656577807036,-0.03515785182296842,False
14.551039218902588,-0.3412423457600864,-0.049958628909747234,False
14.552715539932251,-0.0530553385315257,-0.06303012756595938,False
14.554791927337646,-0.1327398331957943,-0.07461676361697421,False
14.627283334732056,-0.2471523164880812,-0.08307403547703719,False
14.627763032913208,-0.108135867809228,-0.08947395408987442,False
14.629638433456421,-0.1469690426849777,-0.09341056521240262,False
14.701054811477661,-0.0717273189291342,-0.08616325338166278,False
14.70302939414978,-0.1097254053537249,-0.07384902933563124,False
14.704744338989258,-0.0585006311660001,-0.06628669642002251,False
14.777153491973877,-0.0481262022154354,-0.052507033341988626,False
14.777768611907959,-0.0835547632317644,-0.041042042666927944,False
14.779632806777954,-0.0879398731604335,-0.034945205003387936,False
14.851460933685303,-0.1214833515343,-0.029001312195448097,False
14.853235006332397,-0.1055708532496096,-0.026382291049785747,False
14.855234146118164,-0.1277926662375154,-0.0262283945489667,False
14.927377939224243,-0.1134278148181319,-0.031233527673609998,False
14.927661418914795,-0.1349722952930039,-0.03624525774880687,False
14.929764747619629,-0.1555208918895921,-0.04172243000612097,False
15.001126766204834,-0.1930722480208822,-0.04674815141180266,False
15.004308938980103,-0.1863279013715502,-0.05147468540874403,False
15.005126476287842,-0.2264964780734015,-0.053630512113912246,False
15.150987148284912,-0.2479652149026026,-0.04838844885385829,False
15.152942657470703,-0.2643956946866215,-0.0407250449062625,False
15.15492582321167,-0.3349226381742912,-0.030600627527218843,False
15.226886987686157,-0.4114185850117509,-0.018382945680812723,False
15.227600336074829,-0.4741121197914523,-0.005018888481057412,False
15.230160236358643,-0.2137889565269827,0.011174698178026157,False
15.300978422164917,-0.0480093673589306,0.028327984905333732,False
15.302865505218506,-0.0307784179831549,0.046790557990017495,False
15.304751634597778,0.2649248839813193,0.06344272560559211,False
15.37689757347107,0.3479665023521375,0.0753308802468477,False
15.377670526504517,0.3351008715403887,0.08362223500381818,False
15.379758596420288,0.4845147211552948,0.0810725634779918,False
15.451053857803345,0.5338034729154231,0.07272106366552314,False
15.4529128074646,0.5312382426478179,0.06773141736223055,False
15.455690383911133,0.5870298378854681,0.05963677008460725,False
15.526857376098633,0.6366204098219287,0.04612322479879609,False
15.527618646621704,0.6125698948213871,0.03631469005652108,False
15.529784679412842,0.5841919981698057,0.025679845225794952,False
15.601675510406494,0.5424735123839404,0.014211837743177455,False
15.603308200836182,0.5074013694303023,0.008179092955615445,False
15.605316638946533,-0.0046311980383441,0.003110361449433649,False
15.680939197540283,-0.2703887064531597,0.004766576689316428,False
15.681228876113892,-0.0799593467453831,0.01004607662913061,False
15.826596021652222,-0.3803221745046748,0.015471921266464623,False
15.828457117080688,-0.3118335205875623,0.020543197809974642,False
15.830307245254517,-0.1724001580359199,0.025242870405977204,False
15.901017427444458,-0.223845900946214,0.03003493787643445,False
15.902979612350464,-0.1292506951431671,0.03226343814797188,False
15.9047372341156,-0.1332662194756891,0.035013267941852444,False
15.97634220123291,-0.0404499276776992,0.0368227788414691,False
15.977795600891113,-0.0696588721275089,0.0385626192553729,False
15.980205297470093,-0.0544673885530313,0.03980559033007015,False
16.05601215362549,-0.056326368582988,0.03975027141671421,False
16.05629277229309,-0.0711957557881566,0.03871374184882504,False
16.201112270355225,-0.0859053863630307,0.03630576897243238,False
16.202834367752075,-0.1198697439459937,0.03240243756885267,False
16.20465922355652,-0.1147191484264843,0.026871775648561858,False
16.27629041671753,-0.152452494684885,0.019990587775841746,False
16.27791690826416,-0.1274931560269814,0.009819143954428554,False
16.279793739318848,-0.1900895911395861,-0.0035618753218474557,False
16.351073026657104,-0.2695279866737324,-0.0195151496292172,False
16.353029012680054,-0.3239995931833146,-0.03174516139673647,False
16.355278253555298,-0.3804394845098122,-0.04108766647365842,False
16.43112301826477,-0.4126236080686674,-0.050456317080965526,False
16.431402444839478,-0.3352033209969605,-0.05384103770187268,False
16.57624316215515,-0.2480983875836829,-0.0546550200407759,False
16.577834606170654,-0.0429422337992814,-0.05419411637176802,False
16.57975721359253,0.1273054762120628,-0.04809603690003624,False
16.651118993759155,0.1537616430183431,-0.03929120684742789,False
16.652825117111206,0.2311304599226032,-0.029989735105144532,False
16.72645664215088,0.3606871940396896,-0.016805560325508354,False
16.727025032043457,0.5178093787940515,-0.0019378681355075866,False
16.72836947441101,0.5465979704481254,0.013351513300202168,False
16.730305671691895,0.5251543226929143,0.025632531053050026,False
16.806089401245117,0.4531168280306978,0.035922866612815366,False
16.806355237960815,0.4112610639104053,0.048224287516381664,False
16.95142674446106,0.1934182193991522,0.04667902468570081,False
16.953208684921265,-0.0199018415193074,0.039848614717178855,False
16.95523715019226,0.0077658679442595,0.03890533042480346,False
17.026529788970947,0.0255106009213999,0.033322986916774405,False
17.027798891067505,-0.004671824825181,0.03113734874925948,False
17.029788732528687,-0.0329553604883967,0.03236450048604876,False
17.10141658782959,0.0349719373192276,0.03789153560665893,False
17.10344648361206,0.0076199694491766,0.05024130799259449,False
17.10519027709961,0.0084214335562083,0.061933062332352795,False
17.181008338928223,0.0032830381485203,0.07350215652008682,False
17.181254625320435,-0.0205923026836124,0.08519239025998199,False
17.3998019695282,-0.0099584363573882,0.10449903447359639,False
17.401440382003784,-0.0371329747942101,0.11992944004206244,False
17.403347730636597,-0.003938863463911,0.12754968827938648,False
17.475566625595093,-0.0131939143091512,0.13671291288728224,False
17.476346731185913,-0.0026015214296045,0.1405907012543883,False
17.47849464416504,-0.0029656511678358,0.14439606678406286,False
17.549697399139404,0.0292969615685647,0.14593912192942118,False
17.551550149917603,0.0432449313165046,0.14582052161853049,False
17.553892135620117,0.0292964038525314,0.1439989000810841,False
17.627166271209717,0.0536018107319698,0.13851701205523959,False
17.62786102294922,0.0534556660886876,0.13146518496026868,False
17.62845492362976,0.0549672000489817,0.12098512963606178,False
17.69986653327942,0.0741662265351056,0.10905294349489263,False
17.701678037643433,0.0704248760720913,0.09618595985285361,False
17.703533172607422,0.0352934084182354,0.08408343710653184,False
17.775373220443726,-0.0406514534562186,0.0746023135452382,False
17.777178049087524,-0.0696106702499244,0.0684565545015448,False
17.779003858566284,-0.0403182281778678,0.06257664247984422,False
17.9247727394104,-0.1094160148384673,0.058605531247510056,False
17.926716804504395,-0.0729492166554041,0.05846812605587415,False
17.928426504135132,-0.0411018726407973,0.062219314466104944,False
17.99985957145691,0.1640231839471989,0.06788988052820821,False
18.00273036956787,0.3306133752124509,0.07419698736312352,False
18.004119396209717,0.3213097568026724,0.08052129292951822,False
18.075655937194824,0.5627419475371152,0.08636770143913002,False
18.07647967338562,0.6093062155038624,0.08862845167696753,False
18.078521966934204,0.5764649895821973,0.0863194510861505,False
18.14991807937622,0.5344872847811175,0.0850611935182295,False
18.151597499847412,0.4531461577208506,0.08011037071474487,False
18.15353274345398,0.4474622380382913,0.07005912316782137,False
18.22480821609497,0.1945355382216255,0.06016261184531754,False
18.226683616638184,-0.0662881426032666,0.052863779136795686,False
18.228489875793457,-0.0859417280851783,0.04456515181544366,False
18.300056219100952,-0.0250976676734871,0.03304152697996579,False
18.30150032043457,-0.0939455849289521,0.017871130729512574,False
18.303467273712158,-0.5072715558808398,0.0007314495039729557,False
18.306637287139893,-0.4145599286784837,-0.015249151946810698,False
18.376210927963257,-0.1216554505786232,-0.034170768688393624,False
18.377865314483643,-0.2615468627488756,-0.05146898236187981,False
18.379777193069458,-0.0992753312156763,-0.06799122260286804,False
18.451190948486328,-0.137534713512886,-0.08431691368446571,False
18.453023672103882,-0.1188037658104245,-0.09636383564856554,False
18.454959869384766,-0.0614338028211419,-0.10761832485088992,False
18.526573657989502,-0.0905901246950162,-0.11414873256829841,False
18.528240203857422,-0.0539903119031812,-0.11850505561796187,False
18.530324935913086,-0.1022641639834068,-0.11668286584925365,False
18.60121178627014,-0.0748702994798143,-0.10717457249250815,False
18.602988719940186,-0.1256609188005021,-0.09927608242635605,False
18.60485076904297,-0.0903283219148151,-0.09417192547765635,False
18.676143169403076,-0.1141731080709522,-0.08938817104909833,False
18.67844271659851,-0.0874592031899659,-0.08336719668699293,False
18.68026113510132,-0.1019387166557386,-0.08236791677289972,False
18.751198530197144,-0.1014466595165036,-0.08162168413571709,False
18.75276803970337,-0.1206566932614051,-0.08112953128183541,False
18.75497531890869,-0.1672930808685327,-0.0830490723088745,False
18.826199293136597,-0.1701836387006922,-0.08413650379029418,False
18.827899932861328,-0.1944930426746566,-0.08551787495064567,False
18.83033037185669,-0.2076134250675876,-0.08168156381962854,False
18.90119194984436,-0.2496193097263238,-0.07481877911749325,False
18.902941942214966,-0.2459803991014574,-0.06680673752231708,False
18.90479302406311,-0.2900237415962918,-0.0530951833352489,False
18.976216793060303,-0.3164227740655224,-0.03636087065841517,False
18.978033542633057,-0.3859763472742364,-0.019255806987263473,False
18.979999542236328,-0.2305891637840781,-0.0013695198332667677,False
19.051398754119873,-0.0315527491112734,0.016005353822185875,False
19.052886724472046,-0.0716986048522107,0.03495182682663696,False
19.057350635528564,-0.135399558469295,0.05016294958805615,False
19.126160621643066,-0.1246307949315667,0.06032099962422734,False
19.127959966659546,0.029676801741926,0.07021705811330642,False
19.130022764205933,0.2219583316176094,0.07950613570787855,False
19.201573848724365,0.3348149208271763,0.0844937166128314,False
19.203463792800903,0.3403886481482677,0.07732776372965983,False
19.207029342651367,0.5117330303306292,0.07136708421274271,False
19.276193380355835,0.5401224292878228,0.06665282929390778,False
19.2779598236084,0.5697000574089184,0.056676983324039115,False
19.279958248138428,0.6521617899158877,0.05097840691412783,False
19.35687494277954,0.5258663420401241,0.043491722237585725,False
19.357075929641724,0.5928680092829709,0.03854702458285422,False
19.501312732696533,0.4516204632124274,0.03536359733050663,False
19.502989530563354,0.3868260402003991,0.03559914176322537,False
19.506738424301147,0.1491547874658731,0.03914785608400061,False
19.57618498802185,-0.2259684830733554,0.041723473993827205,False
19.577889442443848,-0.1824187987512007,0.05025249770803522,False
19.580464124679565,-0.0504841502685187,0.05935491989844936,False
19.651175260543823,-0.0472697883725795,0.06923381710111422,False
19.652900457382202,-0.1589222022273446,0.07787304882701372,False
19.65646004676819,-0.0209088765712723,0.088069799955394,False
19.73120880126953,-0.0618045681288171,0.09740693991213813,False
19.731515169143677,-0.0461852293518338,0.10245697327382619,False
19.87615180015564,-0.02738713381039,0.10821590282941003,False
19.877962112426758,-0.0598410835244023,0.11135748836970134,False
19.879980325698853,-0.0398433980398898,0.11385744637089573,False
19.951231956481934,-0.0925735220484156,0.11448335704303127,False
19.953078508377075,-0.0541718058091663,0.11337550629705109,False
19.956422090530396,-0.0902321858960095,0.110819724360062,False
20.02616548538208,-0.0739408230779702,0.10608028624432021,False
20.02799677848816,-0.1042762251439272,0.09988014920225614,False
20.02991771697998,-0.0857770175195692,0.09095430182453695,False
20.106226682662964,-0.0980018681913067,0.0797823220187504,False
20.10654354095459,-0.0953689427636353,0.07035927143935407,False
20.251235246658325,-0.1210480471698223,0.06478800056566668,False
20.25298523902893,-0.1640397542722074,0.057171101296224006,False
20.325902223587036,-0.1924153692399104,0.047603585838030565,False
20.327744483947754,-0.2298037917035327,0.037218349305345746,False
20.329678535461426,-0.1650018115711961,0.028815653846728982,False
20.400493144989014,-0.0421755826866491,0.025372325536631886,False
20.481171131134033,0.0909843495429931,0.024599968890185793,False
20.481367826461792,0.0830002100537792,0.02409273530739741,False
20.481476068496704,0.3141115308501804,0.027388798227080537,False
20.627959728240967,0.4550695169022503,0.03149004670990056,False
20.629809379577637,0.4563158858609157,0.03330065570736,False
20.700411558151245,0.5572666749294233,0.036279355942223285,False
20.70224928855896,0.5103282856555058,0.0384693619945051,False
20.707056283950806,0.540596829673324,0.03955707064316573,False
20.775444746017456,0.3977072134353444,0.03710284232109769,False
20.779882431030273,0.3077845898405068,0.035735797653643445,False
20.780405282974243,0.3283352840488173,0.02818465485489883,False
20.85627245903015,0.0780118880528333,0.013003865424081237,False
20.85657048225403,-0.0233344417794777,-0.0006274287223676108,False
20.856799125671387,-0.0593020953677387,-0.010655093040136685,False
21.002861976623535,-0.0611826762517028,-0.019072655598598397,False
21.006258249282837,-0.1511080130590363,-0.028374770816932397,False
21.07559823989868,-0.1749307388603365,-0.032111096169745716,False
21.077248334884644,-0.0128373779536851,-0.034102874537001435,False
21.079190015792847,-0.1030680210349244,-0.0346349898076811,False
21.22540807723999,-0.0724922445425338,-0.026222559445058292,False
21.22741961479187,-0.0947788825845056,-0.012618764833646923,False
21.229676723480225,-0.083232922495154,-0.002935420394676251,False
21.300519943237305,-0.0683388889395144,0.005074156409232753,False
21.30234956741333,-0.1015507276607817,0.012386401856037085,False
21.3053195476532,-0.0568390137373807,0.024304794798544145,False
21.37544059753418,-0.0972507946649117,0.03368512082313407,False
21.37732195854187,-0.0666699378302702,0.037199923650612164,False
21.379178047180176,-0.1105747579076508,0.042161133816139146,False
21.450835943222046,-0.1168470402326098,0.04257894706458524,False
21.453900814056396,-0.1576392546490722,0.04370091375943399,False
21.455129384994507,-0.149654671910232,0.042142754198662924,False
21.52602791786194,-0.1781518968412285,0.039015456233082044,False
21.52724313735962,-0.1922464864957792,0.03387829401458156,False
21.599953413009644,-0.1835885499456227,0.02660904874435683,False
21.60163450241089,-0.2569048027044741,0.01976010445847756,False
21.6049907207489,-0.2853396073234129,0.014235751638152532,False
21.67490553855896,-0.2996230587424297,0.01179121342676618,False
21.676525354385376,-0.3014288518806001,0.00840701909490386,False
21.678585529327393,-0.2863556104029246,0.010488966750544655,False
21.749815702438354,-0.1025041792708008,0.015581809044145436,False
21.751776933670044,0.0016445637189104,0.02210174325959346,False
21.755017042160034,-0.0041107086449345,0.03163242344634043,False
21.825682401657104,0.2108934389119733,0.041911608636968856,False
21.826648950576782,0.3544046955709643,0.054356103639839164,False
21.828754663467407,0.351472141356079,0.06501723262407652,False
21.899859189987183,0.508885868218905,0.0746357889615721,False
21.90167808532715,0.5678237888785402,0.08563809048265711,False
21.90485453605652,0.5911332357260165,0.09197847684477263,False
21.974879264831543,0.6186438481852772,0.09608010930648771,False
21.97667956352234,0.6205299002016079,0.1003213917791824,False
21.978610038757324,0.6148553159888094,0.10506711103725003,False
22.049936532974243,0.5478079358736327,0.10714694178021922,False
22.051669359207153,0.4772648309187821,0.10492192499763718,False
22.055724382400513,0.4671038034161043,0.10307183005722802,False
22.124979734420776,0.0789058065506112,0.09935086081911254,False
22.126676082611084,-0.2339378292501269,0.09221682785665261,False
22.129157543182373,-0.0748963514058986,0.08238051895769648,False
22.20017147064209,-0.0865083942452843,0.07320961989165292,False
22.201622009277344,-0.0525769640491961,0.059095111730459914,False
22.204785346984863,-0.3629261025548029,0.04394470637037307,False
22.274776935577393,-0.3012342036837679,0.028758371081710504,False
22.27680492401123,-0.11137485581847,0.01190494243656504,False
22.278632640838623,-0.2126679629092463,-0.0014374978051098202,False
22.349842071533203,-0.0569576730966334,-0.014673128466434222,False
22.351701021194458,-0.129251428080256,-0.024353666163893804,False
22.355567693710327,-0.0725703165771066,-0.033776403241087084,False
22.355814933776855,-0.0877903795735917,-0.041588132638529667,False
22.42623519897461,-0.0729214057623218,-0.048139436215544104,False
22.42807364463806,-0.0647718733428098,-0.05464000149428056,False
22.429973125457764,-0.0737924160696903,-0.05482768254167673,False
22.501646518707275,-0.0539066296281069,-0.05277054372927707,False
22.504342794418335,-0.0896674702344432,-0.05785364397247932,False
22.505584478378296,-0.0681776099907276,-0.06669432398869984,False
22.576226949691772,-0.0942263854479375,-0.0727201143206635,False
22.578068733215332,-0.0665394375864539,-0.07938934193216263,False
22.580002546310425,-0.0914835633396321,-0.08334267863694461,False
22.65324091911316,-0.0833581605482476,-0.08496694286111747,False
22.65501594543457,-0.1113115688195098,-0.0885415362311146,False
22.655219078063965,-0.131051058575281,-0.08762261463944455,False
22.72632122039795,-0.1450480933364319,-0.08354448189385383,False
22.72818374633789,-0.157132339511744,-0.0794079025513851,False
22.730611324310303,-0.1787706182209605,-0.07100569272032356,False
22.80142903327942,-0.2030725061973549,-0.060395516485957604,False
22.806010723114014,-0.219342299814145,-0.04769583414078422,False
22.806309938430786,-0.298158126074,-0.033257472140646824,False
22.876250743865967,-0.3726160061502913,-0.017049288290194923,False
22.87821054458618,-0.3975697930241216,0.0006298236801020318,False
22.88002038002014,-0.279469724016787,0.01890626327981678,False
22.951226234436035,-0.170405217528278,0.036954899773906515,False
22.95364022254944,-0.1960258352560474,0.056307001353305776,False
22.955464601516724,-0.0213295820616114,0.0684681080015506,False
23.031134128570557,0.0872312324521324,0.07371077557840743,False
23.03140926361084,0.0758988782379804,0.08236375577750568,False
23.176276683807373,0.3527903926965378,0.09027173647037695,False
23.178087949752808,0.4180894895370198,0.09989805206789898,False
23.180004835128784,0.5249320611542475,0.09896974283977657,False
23.253330945968628,0.6371091860975747,0.09287191354722057,False
23.253694534301758,0.5756333968854418,0.08991590413015044,False
23.25549054145813,0.5939667319890802,0.08169052010902654,False
23.32631206512451,0.4735344142961615,0.07595923938591431,False
23.328078269958496,0.4592166059200632,0.06976379429338941,False
23.330236434936523,0.4213263559690876,0.06450953285197729,False
23.40763568878174,0.3522889739689464,0.06038191181158403,False
23.407851934432983,0.3442822669649806,0.056748273867878334,False
23.552648544311523,0.0386366728749441,0.05488986532372183,False
23.55289077758789,-0.2005618923621641,0.0538107434343764,False
23.555129528045654,0.0412719764073824,0.0545255615310615,False
23.62636685371399,0.1584127192228006,0.06171321655369741,False
23.628051042556763,-0.0304403043086306,0.07383752420917265,False
23.630317211151123,-0.0541355247152904,0.07944869324276461,False
23.702640056610107,-0.0565073294676484,0.08018078288001795,False
23.703044891357422,-0.1037211734561356,0.08670347991045722,False
23.705008506774902,-0.0509529247196661,0.09797023113949281,False
23.78118085861206,-0.0641416198156745,0.10377118919055336,False
23.78149151802063,-0.0601293087252889,0.11215525072405896,False
23.926803588867188,-0.0430690370619428,0.1162820706103844,False
23.928600549697876,-0.051361761084091,0.11784283984184335,False
23.93047261238098,-0.0435209140534654,0.11916996635560437,False
24.00420904159546,-0.0579695236294059,0.12026345015167211,False
24.004430532455444,-0.0456467589014162,0.12112329123004661,False
24.00500464439392,-0.0555493193011136,0.12174948959072784,False
24.076353788375854,-0.0572999291553754,0.12214204523371583,False
24.156686067581177,-0.0835779355617883,0.12230095815901051,False
24.15699315071106,-0.0833834767077738,0.12222622836661196,False
24.157203197479248,-0.0997347317771816,0.12191785585652012,False
24.302290201187134,-0.1212885636187195,0.12137584062873502,False
24.302913427352905,-0.131085761930974,0.12060018268325665,False
24.30521583557129,-0.1716947613831148,0.11959088202008503,False
24.37672734260559,-0.1792999423846434,0.11834793863922011,False
24.378547430038452,-0.2621535931643717,0.11687135254066197,False
24.38060474395752,-0.1242596657644271,0.11516112372441054,False
24.452974319458008,0.1412223367270216,0.11321725219046586,False
24.453270435333252,0.1795585278012453,0.11103973793882788,False
24.455055236816406,0.343379537444291,0.10862858096949665,False
24.531262636184692,0.4156944380554583,0.10598378128247218,False
24.531506538391113,0.40831437995405,0.10310533887775442,False
24.676350593566895,0.4636671097795015,0.09999325375534346,False
24.67814564704895,0.4414820959498038,0.09664752591523917,False
24.680615425109863,0.4781706567071708,0.09306815535744162,False
24.751737594604492,0.4474707700775788,0.08925514208195082,False
24.753737449645996,0.4420143461539945,0.08520848608876674,False
24.755493640899658,0.413890742068234,0.0809281873778894,False
24.826322317123413,0.0807072215510742,0.07641424594931878,False
24.828139543533325,-0.1650585064354671,0.07166666180305492,False
24.830100774765015,0.0827252909709269,0.06668543493909779,False
24.901836395263672,0.3421425233703312,0.06147056535744738,False
24.903032541275024,0.0405009075418408,0.056022053058103705,False
24.905555486679077,-0.2198697903828124,0.05033989804106678,False
24.976362466812134,-0.0405666333374898,0.04442410030633659,False
24.978156328201294,-0.2382001415188287,0.03827465985391312,False
24.980020999908447,-0.1140752737156111,0.0318915766837964,False
