time_s,filtered_gyr_y,gyr_y_used_for_detection,motion_detected
0.0,-2.5710046555042024e-06,-2.9864148281487296e-06,False
0.025143780846880945,-9.199997161961516e-06,-7.673763793501424e-06,False
0.05028756169376189,-1.6014913396320685e-05,-1.8101152465833895e-05,False
0.07543134254064283,-3.552399956937039e-05,-3.2094877313014196e-05,False
0.10057512338752378,-5.5896046080911705e-05,-6.0597527674523464e-05,False
0.12571890423440474,-0.000105306269654901,-9.874713980180035e-05,False
0.15086268508128567,-0.00015707926842315707,-0.0001655486239162012,False
0.1760064659281666,-0.00026106282213700545,-0.00025212083136426356,False
0.20115024677504756,-0.00036829556312892217,-0.00038075101513255843,False
0.22629402762192852,-0.0005341393494133703,-0.0005645573476550484,False
0.2514378084688095,-0.0006686424322957209,-0.0005873402092841894,False
0.2765815893156904,-0.0003269764169284303,-0.00034135354343020066,False
0.30172537016257134,-1.283884359848721e-05,-6.959295384047604e-05,False
0.3268691510094523,-6.21941100722241e-05,-3.866532053227112e-05,False
0.3520129318563332,-0.00014887532795943543,-0.0001481607018275119,False
0.37715671270321416,-0.00022121815350269956,-0.00021676059880516166,False
0.4023004935500951,-0.00023589554781703521,-0.0002353828625412382,False
0.4274442743969761,-0.00020158527682206888,-0.00019607554931326573,False
0.45258805524385703,-0.00013294643465505774,-0.00014353642828144692,False
0.47773183609073794,-0.00010891826972262812,-0.00010509449738823533,False
0.502875616937619,-8.489010479019839e-05,-8.489010479019839e-05,False
0.5280193977844998,-6.0861939857768826e-05,-6.086193985776876e-05,False
0.5531631786313808,-3.683377492533914e-05,-3.741399733879165e-05,False
0.5783069594782617,-1.2805609992909466e-05,-1.7729309702661512e-05,False
0.6034507403251427,1.7991816429799567e-05,8.536950817190594e-06,False
0.6285945211720236,0.00011977092911350784,0.00012265551748253615,False
0.6537383020189046,0.00046705091830937266,0.0004909609740122125,False
0.6788820828657856,0.0012006974432965528,0.0012309541491508846,False
0.7040258637126664,0.002182625513487738,0.0021712107340024155,False
0.7291696445595474,0.00292175523666174,0.0028725506877402872,False
0.7543134254064283,0.0030601791479261255,0.003072467542350836,False
0.7794572062533093,0.0028140428531387295,0.002926100946562307,False
0.8046009871001902,0.0022561273565357503,0.0017994439228381158,False
0.8297447679470712,0.0001518692390783048,0.0007109689727172503,False
0.8548885487939522,0.0005946784748665678,0.00044926222647481077,False
0.8800323296408331,0.0011551348122130084,0.0011246714993417201,False
0.9051761104877141,0.0011003408973339218,0.0010384641839134416,False
0.9303198913345949,5.2804693277296754e-05,7.938047494893791e-06,False
0.9554636721814759,-0.0016430708470032784,-0.0016502814402972635,False
0.9806074530283568,-0.003119438569759512,-0.002939603948750788,False
1.005751233875238,-0.0034243277328132806,-0.003534565101905152,False
1.0308950147221188,-0.0037038381724215624,-0.0037995565902095583,False
1.0560387955689996,-0.0038179670854361484,-0.0035883542098981416,False
1.0811825764158807,-0.0025099967945155263,-0.0025978601856780055,False
1.1063263572627615,-0.001202026503594916,-0.0011558763547386585,False
1.1314701381096426,-0.00029108251971392995,-0.0004803255110824323,False
1.1566139189565234,-0.0007126095532351757,-0.0005939723063876198,False
1.1817576998034045,-0.0011942174152220594,-0.0012279063167825138,False
1.2069014806502854,-0.0018476171299594657,-0.0018372510085111647,False
1.2320452614971662,-0.002391482536860302,-0.0023749285120358496,False
1.2571890423440473,-0.0026654255589009792,-0.002691460251103368,False
1.2823328231909281,-0.0027021884086765027,-0.002642342555673022,False
1.3074766040378092,-0.0022307752230873294,-0.002275175288138553,False
1.33262038488469,-0.001678391757407843,-0.001641904260697475,False
1.357764165731571,-0.0009542430079814764,-0.0009675633902484343,False
1.382907946578452,-0.0003932214327726167,-0.0004140942481177006,False
1.4080517274253328,-0.00017481502996446953,-0.00014241684889187989,False
1.4331955082722139,-0.00023499561871425737,-0.0003606390406811982,False
1.4583392891190947,-0.0008877137973594122,-0.0007879182481330875,False
1.4834830699659758,-0.0009810802412897203,-0.0008602464554202441,False
1.5086268508128566,-0.0005274870335354179,-0.0007243967065065863,False
1.5337706316597377,-0.0009490537589372933,-0.0008700424137410127,False
1.5589144125066186,-0.0013706204843391646,-0.0013717013540809312,False
1.5840581933534996,-0.001838826303874783,-0.0018594487899854695,False
1.6092019742003805,-0.002387700164690615,-0.002384415025763412,False
1.6343457550472613,-0.002810675342641774,-0.0027626803945248724,False
1.6594895358941424,-0.0029395117344007257,-0.0029539380180409348,False
1.6846333167410232,-0.003165910298003771,-0.003213433030765258,False
1.7097770975879043,-0.0037132653490180877,-0.003688352443435224,False
1.7349208784347852,-0.004250539320793492,-0.004267732461874214,False
1.7600646592816662,-0.004737345211813189,-0.004768278177957053,False
1.785208440128547,-0.004932709374618601,-0.004827285831534545,False
1.8103522209754281,-0.0042347735567393845,-0.004312983816271217,False
1.835496001822309,-0.003271620841685828,-0.003112730657209285,False
1.8606397826691898,-0.0017588812850968137,-0.001852390477943308,False
1.885783563516071,-0.001265903761504208,-0.0014637110369443791,False
1.9109273443629518,-0.002271096562230762,-0.002126678009814247,False
1.9360711252098328,-0.0029451164317972184,-0.0029239267653160188,False
1.9612149060567137,-0.0031435032262503173,-0.0031652257865035565,False
1.9863586869035947,-0.002969009577250783,-0.0028875200960681996,False
2.011502467750476,-0.0022709582468381966,-0.0023306964949867926,False
2.0366462485973567,-0.0018493826108489284,-0.0018883553940634863,False
2.0617900294442375,-0.001807369816719048,-0.0017765456358008738,False
2.0869338102911184,-0.0017933245410481054,-0.001798412469467513,False
2.112077591137999,-0.0018152669044810062,-0.0018111383353618434,False
2.1372213719848805,-0.0018218578627695568,-0.0017873503412055188,False
2.1623651528317613,-0.0018099250113891195,-0.0018398509138381348,False
2.187508933678642,-0.0021788836973954916,-0.002256505149591099,False
2.212652714525523,-0.0029790137392726127,-0.00290963128055775,False
2.237796495372404,-0.0033550113465556568,-0.003363235741796913,False
2.262940276219285,-0.0032610347471198472,-0.0032533242561548132,False
2.288084057066166,-0.0025552908910257345,-0.0024320281261971523,False
2.313227837913047,-0.0011859424562592502,-0.0013009307671156562,False
2.3383716187599277,-0.0005392177104731083,-0.0006088193936990749,False
2.363515399606809,-0.0006598146279952785,-0.0005940441997117082,False
2.38865918045369,-0.0007804115455174465,-0.0007804115455174463,False
2.4138029613005707,-0.0009010084630396145,-0.0009010084630396139,False
2.4389467421474516,-0.0010216053805617825,-0.0010265240580831002,False
2.4640905229943324,-0.0011422022980839505,-0.0011432816804053125,False
2.4892343038412137,-0.0012054146445240723,-0.001188499847317392,False
2.5143780846880945,-0.0011412650550508719,-0.0011521817924148704,False
2.5395218655349754,-0.0010771154655776717,-0.001077115465577671,False
2.5646656463818562,-0.0010129658761044713,-0.0010129658761044704,False
2.5898094272287375,-0.00094881628663127,-0.0009488162866312698,False
2.6149532080756184,-0.0008846666971580697,-0.0008846666971580691,False
2.640096988922499,-0.0008205171076848695,-0.000820517107684869,False
2.66524076976938,-0.0007563675182116692,-0.000756367518211669,False
2.690384550616261,-0.0006922179287384689,-0.0006922179287384683,False
2.715528331463142,-0.0006280683392652675,-0.0006280683392652675,False
2.740672112310023,-0.0005639187497920673,-0.0005639187497920668,False
2.765815893156904,-0.000499769160318867,-0.0004998991342042081,False
2.7909596740037848,-0.0004356195708456667,-0.000439740079936286,False
2.8161034548506656,-0.0003699536193768159,-0.0003613226795395521,False
2.841247235697547,-0.00025318233785943646,-0.00025756279472073917,False
2.8663910165444277,-0.0001364110563420591,-0.00013641105634205883,False
2.8915347973913086,-1.963977482468169e-05,-1.9639774824681865e-05,False
2.9166785782381894,9.71315066926957e-05,9.713150669269618e-05,False
2.9418223590850707,0.00021390278821007514,0.0002139027882100745,False
2.9669661399319516,0.0003306740697274525,0.00033067406972745253,False
2.9921099207788324,0.0004474453512448299,0.0004474453512448297,False
3.0172537016257133,0.0005642166327622072,0.0005642166327622068,False
3.042397482472594,0.0006809879142795846,0.0006809879142795849,False
3.0675412633194754,0.0007977591957969642,0.0007977591957969632,False
3.0926850441663563,0.0009145304773143415,0.0009145304773143413,False
3.117828825013237,0.001031301758831719,0.0010539153776818048,False
3.142972605860118,0.0011480730403490963,0.0011105039513792882,False
3.1681163867069992,0.0010010187686154662,0.0010153240909232045,False
3.19326016755388,0.0007646194283609097,0.0007605104948165103,False
3.218403948400761,0.0004464600773918888,0.00034763498114285575,False
3.243547729247642,0.00010206333153285315,0.00027621627251169184,False
3.2686915100945226,0.0009399112628469669,0.0009117488204568869,False
3.293835290941404,0.002136701631977605,0.0020859935226822837,False
3.3189790717882848,0.0031976940274524024,0.003353604985343296,False
3.3441228526351656,0.0042197426462444,0.003961484564544721,False
3.3692666334820465,0.003480740509932866,0.003728729019420478,False
3.3944104143289278,0.0022715915932599775,0.002000628681262373,False
3.4195541951758086,-0.0010099994063875756,-0.0012210734820330036,False
3.4446979760226895,-0.00480509381831772,-0.004228612957475947,False
3.4698417568695703,-0.005092222089308382,-0.005394742007874583,False
3.494985537716451,-0.004575524709291486,-0.004395005098175973,False
3.5201293185633324,-0.002429743118259922,-0.0021446654037552697,False
3.5452730994102133,6.431911411245925e-05,-0.0006229861100478985,False
3.570416880257094,-0.0017000482510691178,-0.0017817113551913516,False
3.595560661103975,-0.004310994504161911,-0.0036908851697091175,False
3.6207044419508563,-0.0034039327207637704,-0.0035071843755142664,False
3.645848222797737,-0.0018488848784217892,-0.0020643208345673845,False
3.670992003644618,-0.001311270315927259,-0.001203872215229895,False
3.696135784491499,-0.0009430888837061803,-0.0010196819464740009,False
3.7212795653383797,-0.0011493182736537898,-0.0011515169272292287,False
3.746423346185261,-0.0014413504453740745,-0.0012162969764858205,False
3.771567127032142,-0.001304926400090891,-0.0022205426411092007,False
3.7967109078790227,-0.002851410942724385,-0.0009003258718826357,False
3.8218546887259035,0.0024900206003522496,0.0006512437133739248,False
3.8469984695727844,0.0005275337429454137,0.0005725200794080593,False
3.8721422504196656,-0.001478308986391369,9.156371263697939e-05,False
3.8972860312665465,0.0032082143488312244,0.0018420379116845828,False
3.9224298121134273,0.003007644196438443,0.003367933124883409,False
3.947573592960308,0.0022792461042996795,0.0022632519253880067,False
3.9727173738071895,0.0011789147884263735,0.0010381637559749046,False
3.9978611546540703,4.914371879947152e-05,0.0003760733219365294,False
4.023004935500952,0.000874521744000381,0.0008766965244214142,False
4.048148716347832,0.0018254590093448283,0.001525592496520113,False
4.073292497194713,0.0010469932219031473,0.0011021515766070113,False
4.098436278041594,0.00018260473836734302,0.00034369152431608585,False
4.123580058888475,0.000232259777217668,0.00015563172292312944,False
4.148723839735356,0.0003165787208657049,0.0003219436165128733,False
4.173867620582237,0.0004501759184926507,0.0004189698607159636,False
4.199011401429118,0.0005850752700627356,0.0006389616182717705,False
4.224155182275998,0.001037371349601536,0.0010432004084762363,False
4.24929896312288,0.001494484668695882,0.001431003036123056,False
4.274442743969761,0.0015758300520610944,0.0017868512883654152,False
4.299586524816641,0.0016414413710954564,0.001276611357993833,False
4.324730305663523,-0.0004105619263531633,-0.0004006073322673897,False
4.349874086510403,-0.002425710239584623,-0.0020759849891139734,False
4.375017867357284,-0.0023656708988994716,-0.0026398903946167427,False
4.400161648204166,-0.0022722391567558307,-0.0020588807563552956,False
4.425305429051046,-0.0009879828155769806,-0.0008006495114467318,False
4.450449209897927,0.00015534898420756726,-0.00046700943378868336,False
4.475592990744808,-0.0023595481126845947,-0.0021799014378554417,False
4.500736771591689,-0.004789130251579605,-0.004499360515465491,False
4.52588055243857,-0.005485731450810371,-0.005765499721646515,False
4.551024333285451,-0.006182332650041111,-0.005923992181066864,False
4.576168114132332,-0.005347951629180996,-0.0057109093692402765,False
4.601311894979213,-0.004465578306172048,-0.004018741662270904,False
4.626455675826094,-0.0007836956315979849,-0.000659950257465205,False
4.651599456672975,0.00323611926511081,0.0026650290912635,False
4.676743237519855,0.0036885932229748578,0.004081410869053172,False
4.701887018366737,0.003331171775899957,0.002980738757170513,False
4.727030799213618,0.0003384279202115585,3.961027839134365e-05,False
4.752174580060498,-0.003026680129254717,-0.002103799677701662,False
4.77731836090738,-0.001014988336427412,-0.0012566546365259516,False
4.80246214175426,0.0013557287333126225,0.0010133998841534437,False
4.827605922601141,0.001887136682400831,0.0023623483828875288,False
4.852749703448023,0.002374737686796408,0.0017184378075736839,False
4.877893484294903,-0.0009301025832195988,-0.0010085863964379052,False
4.903037265141784,-0.004119186533101029,-0.0032771944026715946,False
4.928181045988665,-0.00236867208075481,-0.002661151104352002,False
4.953324826835546,-0.0006779586657645974,-0.0009551663257007805,False
4.978468607682427,-0.0006341904524134616,-0.0004930237208443978,False
5.003612388529308,-0.0005904222390623274,-0.0005904222390623265,False
5.028756169376189,-0.0005466540257111916,-0.0005466540257111918,False
5.0538999502230695,-0.0005028858123600573,-0.0005028858123600566,False
5.079043731069951,-0.0004591175990089215,-0.00045911759900892123,False
5.104187511916832,-0.0004153493856577857,-0.00042116108698731625,False
5.1293312927637125,-0.00037158117230665143,-0.00042262396319307815,False
5.154475073610594,-0.0002600097767776617,-0.00014048909101621403,False
5.179618854457475,0.0005826672101153529,0.000520001016569857,False
5.2047626353043555,0.0014253441970083379,0.0014253441970083474,False
5.229906416151237,0.0022680211839013528,0.0022680211839013415,False
5.255050196998117,0.0031106981707943373,0.003110698170794344,False
5.280193977844998,0.003953375157687352,0.00395337515768735,False
5.30533775869188,0.004796052144580367,0.004805462341824901,False
5.33048153953876,0.005638729131473352,0.005680358198363173,False
5.355625320385641,0.006371620483846689,0.006260131758333421,False
5.380769101232522,0.006399268120132818,0.006459717581511719,False
5.405912882079403,0.006426915756418949,0.006426915756418946,False
5.431056662926284,0.00645456339270508,0.006454563392705077,False
5.456200443773165,0.0064822110289912095,0.006482211028991207,False
5.481344224620046,0.0065098586652773405,0.006509858665277337,False
5.5064880054669265,0.00653750630156347,0.006541039979565235,False
5.531631786313808,0.006565153937849601,0.006573702188959662,False
5.556775567160689,0.006551575330781766,0.006523877794556328,False
5.5819193480075695,0.006355814640721908,0.006371430247835505,False
5.607063128854451,0.0061600539506620425,0.0061600539506620425,False
5.632206909701331,0.005964293260602184,0.005964293260602179,False
5.6573506905482125,0.005768532570542318,0.005768532570542316,False
5.682494471395094,0.005572771880482453,0.005572771880482452,False
5.707638252241974,0.0053770111904225945,0.00537701119042259,False
5.7327820330888555,0.005181250500362729,0.005181250500362726,False
5.757925813935737,0.004985489810302864,0.004985489810302863,False
5.783069594782617,0.004789729120243005,0.004789729120243001,False
5.8082133756294985,0.0045939684301831395,0.0045939684301831395,False
5.833357156476379,0.004398207740123281,0.004398207740123276,False
5.85850093732326,0.004202447050063415,0.004202447050063413,False
5.8836447181701415,0.00400668636000355,0.004009923507825603,False
5.908788499017022,0.0038109256699436914,0.0038839796362718604,False
5.933932279863903,0.0035773982552932096,0.0034388435055147195,False
5.9590760607107836,0.0024160411176328118,0.0024259862076647185,False
5.984219841557665,0.0010532633392922339,0.0014853113859020005,False
6.009363622404546,9.944795222895444e-05,-0.0007041395129920201,False
6.0345074032514265,-0.004875582555380162,-0.004647739246987841,False
6.059651184098308,-0.008926818601113537,-0.007939980616289807,False
6.084794964945188,-0.009767422533793306,-0.011271444757084182,False
6.1099387457920695,-0.01662366652518507,-0.016218925370752632,False
6.135082526638951,-0.021174896808660814,-0.0201279756396351,False
6.160226307485831,-0.019822439752637522,-0.020793336267603345,False
6.1853700883327125,-0.021181702030832073,-0.021166719116620457,False
6.210513869179594,-0.02254096430902662,-0.022689556082449956,False
6.235657650026474,-0.02136330791880539,-0.020413773857223177,False
6.2608014308733555,-0.013378243501813561,-0.013707199685549551,False
6.285945211720236,-0.005393179084822015,-0.005209762194779876,False
6.311088992567117,-0.0003777005510150204,-0.0011002897661126722,False
6.3362327734139985,-0.00344125750073509,-0.0031215852137810064,False
6.361376554260879,-0.011263092024852102,-0.010763792369161775,False
6.38652033510776,-0.024251956228700185,-0.027851338453336354,False
6.411664115954641,-0.048641764867333855,-0.04539222260579703,False
6.436807896801522,-0.04867364007505215,-0.0453530173119602,False
6.461951677648403,-0.026500030370750282,-0.032174757022281446,False
6.487095458495284,-0.023013983176062625,-0.01894630995336355,False
6.512239239342165,-0.012903401644759829,-0.016365174470335433,False
6.537383020189045,-0.01831237652876827,-0.01697474656980283,False
6.562526801035927,-0.02099764894829882,-0.02011194450909108,False
6.587670581882808,-0.018321642878159062,-0.018569845717335123,False
6.612814362729688,-0.01798000075058006,-0.01847739802658296,False
6.6379581435765695,-0.02477266520740533,-0.025972750190789137,False
6.66310192442345,-0.03769661067044439,-0.035075598474715045,False
6.688245705270331,-0.04174782008869551,-0.043377330711584484,True
6.7133894861172125,-0.052500752027999094,-0.053477095092855025,True
6.738533266964093,-0.06651890778715723,-0.06371780614809906,True
6.763677047810974,-0.06897511957498587,-0.07129158019345579,True
6.7888208286578555,-0.07772173872264583,-0.07673567717436842,True
6.813964609504736,-0.08358574267914849,-0.08219476713032514,True
6.839108390351617,-0.08889816029007443,-0.09192944459367729,True
6.864252171198498,-0.11221806847060956,-0.1116399195774189,True
6.889395952045379,-0.13673956059390596,-0.1336169262945303,True
6.91453973289226,-0.1524018004536728,-0.15519988494923462,True
6.939683513739141,-0.1855746853363346,-0.18850632072314646,True
6.964827294586022,-0.22998379341342703,-0.2216966852351707,True
6.989971075432902,-0.2451522900103462,-0.24990076329533834,True
7.015114856279784,-0.2872862691988109,-0.2955612798782393,True
7.040258637126665,-0.35719297005896344,-0.34714293903426063,True
7.065402417973545,-0.3591378404109458,-0.35543957489803735,True
7.090546198820427,-0.31463669002976424,-0.3174474104442579,True
7.115689979667307,-0.2883517596743545,-0.31715095628078493,True
7.140833760514188,-0.3121535519345583,-0.26335321252975985,True
7.16597754136107,-0.0819219423251939,-0.09251497780847195,True
7.19112132220795,0.1371259005829394,0.10613532318313007,True
7.216265103054831,0.20335822219061994,0.22884932478348075,True
7.241408883901713,0.3367000042297345,0.33480016341451907,True
7.266552664748593,0.4596800315154594,0.4513067469665549,True
7.291696445595474,0.5169918983738157,0.517009836981875,True
7.316840226442355,0.5510175188680412,0.5597804377050728,True
7.341984007289236,0.6039295233006794,0.5975220582639194,True
7.367127788136117,0.6156664888755685,0.6170775256555374,True
7.392271568982998,0.6009207515587447,0.5969486212982255,True
7.417415349829879,0.5579225515499378,0.5699148466222438,True
7.442559130676759,0.5312436487549322,0.5181396052392083,True
7.467702911523641,0.4255456939026054,0.4237503445018176,True
7.492846692370522,0.2983708454052777,0.3263849516131219,True
7.517990473217402,0.22820700468445795,0.1905403288190911,True
7.543134254064284,-0.033289165929863,-0.041051539327404754,True
7.568278034911164,-0.29501645234508206,-0.24222005628125914,True
7.593421815758045,-0.27531261749727554,-0.31337787953299884,True
7.618565596604927,-0.30847337840045286,-0.29982128361474825,True
7.643709377451807,-0.28469972831851714,-0.2687005699207854,True
7.668853158298688,-0.19513376634858973,-0.22724864246885054,True
7.693996939145569,-0.21757443956132722,-0.18750244857312637,True
7.71914071999245,-0.15514714029100857,-0.17686808948609503,True
7.744284500839331,-0.16181715573425504,-0.15153751226861262,True
7.769428281686212,-0.1381386991450116,-0.13619114963395912,True
7.794572062533093,-0.10459515754305036,-0.11420240150008615,True
7.819715843379974,-0.1043913289104217,-0.09204987840105168,True
7.844859624226855,-0.06864749839709111,-0.07870059152023687,True
7.870003405073736,-0.07246754042900716,-0.06610668291115745,True
7.895147185920616,-0.07366924299541734,-0.07976407243944286,True
7.920290966767498,-0.10428039846048182,-0.10102986980310541,True
7.945434747614379,-0.12522245567472912,-0.12476672650671715,True
7.970578528461259,-0.13533969782474506,-0.1349278967782951,True
7.995722309308141,-0.1387932483905876,-0.14038627593215028,True
8.020866090155021,-0.14454857639423027,-0.14234500448273057,True
8.046009871001903,-0.14298582953941458,-0.14443773849453484,True
8.071153651848784,-0.15019349449737773,-0.1523921087506104,True
8.096297432695664,-0.16532112012961936,-0.1596774689342124,True
8.121441213542544,-0.16186775567659026,-0.16676073916064282,True
8.146584994389427,-0.17917504765848843,-0.18068992050443056,True
8.171728775236307,-0.19949983528156412,-0.18751390440866594,True
8.196872556083187,-0.1874254412160751,-0.20029778970599854,True
8.22201633693007,-0.24737104831609005,-0.25218827617189,True
8.24716011777695,-0.33357844038656936,-0.31980990415045,True
8.27230389862383,-0.34408840958147224,-0.3477320466398254,True
8.297447679470713,-0.33757467080948145,-0.33867774151837343,True
8.322591460317593,-0.330201839965158,-0.3305628337097375,True
8.347735241164473,-0.32526537467265476,-0.32531715410922035,True
8.372879022011354,-0.3218491388693616,-0.3230623456559163,True
8.398022802858236,-0.31843290306606825,-0.31618423631372555,True
8.423166583705116,-0.29934235859709124,-0.29980915558774346,True
8.448310364551997,-0.2751376422407435,-0.27610360374258175,True
8.473454145398879,-0.2509329258843941,-0.25443337773160957,True
8.49859792624576,-0.2205728305606308,-0.21235557130556776,True
8.52374170709264,-0.13706337241785965,-0.13238042567165303,True
8.548885487939522,-0.049278592246887645,-0.07842327163712134,True
8.574029268786402,-0.060726909544264907,-0.030763656796800445,True
8.599173049633283,0.0651045157461853,0.06721174257089911,True
8.624316830480165,0.21515724162688762,0.19077332217772672,True
8.649460611327045,0.25178851314527173,0.26696924104371755,True
8.674604392173926,0.32183463558897696,0.3247027348759096,True
8.699748173020806,0.395023422097107,0.38616061662775064,True
8.724891953867688,0.40762152746121605,0.4092279351232787,True
8.750035734714569,0.3992950036153474,0.40060263594678286,True
8.77517951556145,0.3909684797694788,0.3918637607970415,True
8.800323296408331,0.38831087460017183,0.3879780344904475,True
8.825467077255212,0.38654616146242143,0.38988754751375476,True
8.850610858102092,0.384781448324671,0.38108373358208225,True
8.875754638948974,0.3431410058898061,0.33909849866059844,True
8.900898419795855,0.26488911019091216,0.2672539455583804,True
8.926042200642735,0.20045262160182875,0.21339944828212645,True
8.951185981489616,0.17266865454259786,0.1553255192130467,True
8.976329762336498,0.0533280121631207,0.043905949075655835,True
9.001473543183378,-0.08344192354193854,-0.04459545307783116,True
9.026617324030259,-0.05358970122415925,-0.08582446669973404,True
9.05176110487714,-0.12627269161637347,-0.12192287399705301,True
9.076904885724021,-0.194576001569707,-0.18596502373860407,True
9.102048666570902,-0.20233261016069015,-0.20473621640495657,True
9.127192447417784,-0.19383690449538646,-0.19632094658249288,True
9.152336228264664,-0.18534119883008335,-0.18325421258388594,True
9.177480009111544,-0.16411731640482569,-0.16502469616866866,True
9.202623789958427,-0.1417852533319602,-0.1419744208025016,True
9.227767570805307,-0.1193789084789979,-0.1191714463340513,True
9.252911351652187,-0.09572522689046567,-0.09580657520152437,True
9.278055132499068,-0.07207154530193344,-0.07012619151850036,True
9.30319891334595,-0.04871613681995235,-0.05268354318564584,True
9.32834269419283,-0.04865306869112568,-0.04665658237514099,True
9.35348647503971,-0.04859000056229901,-0.04847714608238406,True
9.378630255886593,-0.048526932433472336,-0.048749042009549166,True
9.403774036733473,-0.04978049990365313,-0.049674844191244155,True
9.428917817580354,-0.051076060184285524,-0.05088818933270356,True
9.454061598427236,-0.05237162046491801,-0.05272533661790449,True
9.479205379274116,-0.05581701453688829,-0.055690390352317945,True
9.504349160120997,-0.05943538774002481,-0.05999011102646591,True
9.529492940967877,-0.06272716756747636,-0.06150408627550372,True
9.55463672181476,-0.05872100983724527,-0.058818218596030064,True
9.57978050266164,-0.05471485210701447,-0.052848406502785314,True
9.60492428350852,-0.056872529748643916,-0.06120248366531954,True
9.630068064355402,-0.09313307685,-0.0924048914984501,True
9.655211845202283,-0.14091939847106638,-0.14450779515913573,True
9.680355626049163,-0.18614989543990826,-0.170784128596193,True
9.705499406896045,-0.17287834055711443,-0.18640339262159353,True
9.730643187742926,-0.2244257864666174,-0.22495017822490165,True
9.755786968589806,-0.306321011726759,-0.3049197133462873,True
9.780930749436688,-0.37797489104923004,-0.381895323665679,True
9.806074530283569,-0.41514678025122237,-0.3962978041261609,True
9.83121831113045,-0.34785765462468765,-0.36450084031540764,True
9.85636209197733,-0.326033210920626,-0.3226154144356236,True
9.881505872824212,-0.3054286461649688,-0.3070097089566661,True
9.906649653671092,-0.2816734497086732,-0.27749203958253055,True
9.931793434517973,-0.2319513783328918,-0.23520654321878084,True
9.956937215364855,-0.18222930695710693,-0.18338542162503405,True
9.982080996211735,-0.12049718683209423,-0.11447445734011738,True
10.007224777058616,-0.021256964749478552,-0.02387362147134764,True
10.032368557905498,0.07072423509271925,0.0689170309273589,True
10.057512338752378,0.1412069502516178,0.14407002983724504,True
10.082656119599259,0.19703576688020624,0.18767420146911815,True
10.107799900446139,0.21165267596582182,0.21636592648704855,True
10.132943681293021,0.2677179316251619,0.28218402422610783,True
10.158087462139902,0.3929038652272776,0.3718365009593527,True
10.183231242986782,0.4461117277968489,0.47469788629141385,True
10.208375023833664,0.5320286868176777,0.507639775041825,True
10.233518804680545,0.42183672733697253,0.40645278955543446,True
10.258662585527425,0.1712551384535541,0.18505577527627348,True
10.283806366374307,0.015482483384185312,0.036851766143581696,True
10.308950147221188,0.028709895747234964,0.024331035609300368,True
10.334093928068068,0.035820210301446595,0.0232917309976238,True
10.35923770891495,-0.08721703658519947,-0.12012857362498688,True
10.38438148976183,-0.3182667166667899,-0.26009355956397545,True
10.409525270608711,-0.2512257695665574,-0.2663102342252662,True
10.434669051455591,-0.1586779677739021,-0.17305138333817366,True
10.459812832302473,-0.13722166275995412,-0.1283203795444065,True
10.484956613149354,-0.11576535774600766,-0.1169604992280649,True
10.510100393996234,-0.12706586013474502,-0.13309875621703485,True
10.535244174843116,-0.18993666003817988,-0.1916254505473021,True
10.560387955689997,-0.25280745994161025,-0.24940794134160532,True
10.585531736536877,-0.2444054063905739,-0.2328771384165778,True
10.61067551738376,-0.1331186962639981,-0.13641576530609356,True
10.63581929823064,-0.021831986137430204,-0.025556999796651714,True
10.66096307907752,0.025035872904697092,0.01592105280142849,True
10.6861068599244,-0.013475477531130882,-0.00945846280420757,True
10.711250640771283,-0.05198682796696157,-0.04940568276813326,True
10.736394421618163,-0.05198414073894761,-0.04488289493403173,True
10.761538202465044,-0.005066738836238455,-0.010936515899828771,False
10.786681983311926,0.014318187027997954,0.011312157375446687,False
10.811825764158806,0.00020417854914748373,0.0027799203324474775,False
10.836969545005687,-0.018304876630972508,-0.019055067717277004,False
10.862113325852569,-0.042155411675711206,-0.04153153140309787,True
10.88725710669945,-0.06354163040819856,-0.06324002735348291,True
10.91240088754633,-0.08193633983205316,-0.08358116198808808,True
10.937544668393212,-0.10033104925590908,-0.0976172633375914,True
10.962688449240092,-0.10252767616799242,-0.10249521927824443,True
10.987832230086973,-0.10398897377023504,-0.10848959904874551,True
11.012976010933853,-0.12055635897829481,-0.10859170901887512,True
11.038119791780735,-0.11556395379187338,-0.12460587378164814,True
11.063263572627616,-0.19193346307056808,-0.20722688659655736,True
11.088407353474496,-0.34709752512660297,-0.3295166588025382,True
11.113551134321378,-0.40006550380232614,-0.3954406059622596,True
11.138694915168259,-0.3749568700541729,-0.3790594917857137,True
11.163838696015139,-0.3498482363060197,-0.35289601218184785,True
11.188982476862021,-0.35495229478043155,-0.3566257210288628,True
11.214126257708902,-0.384924352481976,-0.38771141905826034,True
11.239270038555782,-0.4148964101835204,-0.4086189213009162,True
11.264413819402662,-0.3874846919346128,-0.3871909484091727,True
11.289557600249545,-0.31854279208184777,-0.3141506741664161,True
11.314701381096425,-0.2273513127686197,-0.23530243136044113,True
11.339845161943305,-0.18443223181835722,-0.1939040023625274,True
11.364988942790188,-0.16754447681657075,-0.143890142168639,True
11.390132723637068,-0.043942985666784284,-0.06964414728346963,True
11.415276504483948,0.04315006616827514,0.06471849356113939,True
11.44042028533083,0.2503593887538763,0.26242585291526227,True
11.465564066177711,0.48267803923853775,0.4472058219460382,True
11.490707847024591,0.5043236595546073,0.5194872821525055,True
11.515851627871474,0.4933564267135928,0.49218843049014727,True
11.540995408718354,0.45092758741818745,0.45290316657017493,True
11.566139189565234,0.3918150109779461,0.39112814538825436,True
11.591282970412115,0.30774814326256744,0.30069895237264643,True
11.616426751258997,0.19846986202148453,0.21876208817790835,True
11.641570532105877,0.1459636053865397,0.12103265500628785,True
11.666714312952758,-0.004529827002037162,0.00445655083570578,True
11.69185809379964,-0.1169085477344117,-0.09282046600050928,True
11.71700187464652,-0.15991174417441723,-0.21162708070142056,True
11.7421456554934,-0.383306223914748,-0.361440995256734,True
11.767289436340283,-0.43351320173305835,-0.3773730253513398,True
11.792433217187163,-0.2120482267504979,-0.29438529211378195,True
11.817576998034044,-0.27539557254159763,-0.23398585002456085,True
11.842720778880926,-0.2194404167759063,-0.2122998592360115,True
11.867864559727806,-0.1231813664884002,-0.15625169246711604,True
11.893008340574687,-0.1489235333461606,-0.1155874355356159,True
11.918152121421567,-0.073151559264583,-0.08863411029919331,True
11.94329590226845,-0.06127122728208362,-0.07099615871786667,True
11.96843968311533,-0.09805855836662443,-0.07745807705125649,True
11.99358346396221,-0.05483204006869791,-0.06431575899318653,True
12.018727244809092,-0.04324910861808876,-0.04792725105092894,True
12.043871025655973,-0.06432381279221405,-0.05927143509102375,True
12.069014806502853,-0.06449187298535512,-0.06153463547032004,True
12.094158587349735,-0.04913341610567993,-0.05354246513447562,True
12.119302368196616,-0.058129673403432044,-0.059834946282748186,True
12.144446149043496,-0.07992297079290495,-0.07558602611296059,True
12.169589929890376,-0.08306078392970333,-0.08508545440899908,True
12.194733710737259,-0.08668827640211571,-0.08624443761094405,True
12.219877491584139,-0.08632945620664645,-0.08491780935737855,True
12.24502127243102,-0.08268645057013549,-0.0848667232128241,True
12.270165053277902,-0.09293059996088104,-0.09163753516995554,True
12.295308834124782,-0.10879673068248047,-0.11213384364791597,True
12.320452614971662,-0.13710542493266137,-0.13066882350228531,True
12.345596395818545,-0.1457442803124033,-0.1525916501478719,True
12.370740176665425,-0.17769457777707215,-0.17538007362140667,True
12.395883957512305,-0.19605161686823258,-0.19318896866895927,True
12.421027738359188,-0.1909132456102119,-0.19011207887855552,True
12.446171519206068,-0.18577487435219156,-0.19020724587504076,True
12.471315300052948,-0.2134788586460094,-0.21305929274221166,True
12.496459080899829,-0.25515655294359496,-0.2566499767369198,True
12.521602861746711,-0.29683424724118346,-0.2964553207704268,True
12.546746642593591,-0.3071149539462188,-0.29923814290629747,True
12.571890423440472,-0.2590224942916377,-0.26605961300232855,True
12.597034204287354,-0.21747681830945795,-0.2201369227897293,True
12.622177985134234,-0.1652981577403028,-0.17766018226065855,True
12.647321765981115,-0.05427219205496163,0.0034621618981535082,True
12.672465546827997,0.30803901867992745,0.25268960531774765,True
12.697609327674877,0.4405059516113827,0.44488543598126384,True
12.722753108521758,0.507742239778519,0.5294369913946748,True
12.747896889368638,0.623267531905169,0.6079159907472378,True
12.77304067021552,0.6474960411933439,0.6464446929576809,True
12.7981844510624,0.6199432943542486,0.6221440242116197,True
12.823328231909281,0.5923905475151533,0.5962681474256875,True
12.848472012756163,0.5909438751339949,0.5899016658878238,True
12.873615793603044,0.5964706860458081,0.6019800066779943,True
12.898759574449924,0.6019974969576213,0.5902493124651164,True
12.923903355296806,0.5362754172009545,0.5420871262095857,True
12.949047136143687,0.4651177085198828,0.4612028222160454,True
12.974190916990567,0.3865343608911143,0.4020513427488567,True
12.99933469783745,0.3442090378361236,0.3248133442252049,True
13.02447847868433,0.20079394786938876,0.18803478601848753,True
13.04962225953121,0.04522439163277023,0.08875114607976448,True
13.07476604037809,0.11529255802864152,0.10209398098272407,True
13.099909821224973,0.14097850074444218,0.10888178076959382,True
13.125053602071853,0.006245672336648217,0.03319808096795581,False
13.150197382918734,-0.03048074159836716,-0.031683548661080224,False
13.175341163765616,-0.025220322829486275,-0.03113472971003393,False
13.200484944612496,-0.019959904060605764,-0.0156674360555033,False
13.225628725459377,0.012315095610767109,0.010676766118346209,False
13.250772506306259,0.048540463694263014,0.05928660491233901,False
13.275916287153139,0.08476583177775635,0.05064312300698491,False
13.30106006800002,-0.008330816095098642,0.035607419035882326,False
13.3262038488469,0.038026773111685466,0.0013269394031218684,False
13.351347629693782,-0.019997890760682008,0.007510506792220713,False
13.376491410540662,0.001923428728916799,-0.017231537522803642,False
13.401635191387543,-0.03281233676226531,-0.026190426772960948,False
13.426778972234425,-0.037333649306903666,-0.028677166603513264,False
13.451922753081305,-0.0020245875195577037,-0.019066096273095176,False
13.477066533928186,-0.018261528221008138,-0.0006575172479664397,False
13.502210314775068,0.021396753892568246,0.010266139770148376,False
13.527354095621948,0.01901135610617487,0.020879314179875,False
13.552497876468829,0.00650054046638026,0.005115872447504488,False
13.577641657315711,-0.0060102751734152395,-0.0016095760695549778,False
13.602785438162591,0.007758787260406003,0.005933791644400542,False
13.627929219009472,0.022746116296425176,0.024375494897854476,False
13.653072999856352,0.03518171598328711,0.028653919328287758,False
13.678216780703234,0.02228617335296134,0.031142446383766408,False
13.703360561550115,0.03743770307907635,0.030370945410249907,False
13.728504342396995,0.030691334475868016,0.03437933559853989,False
13.753648123243877,0.034547602993880544,0.031397099905615546,False
13.778791904090758,0.03848036431915275,0.04552866614910951,True
13.803935684937638,0.06871934350081481,0.06730513601145888,True
13.82907946578452,0.06926407757183436,0.055672508225867,True
13.8542232466314,0.0006131909409979024,0.014523239951620987,True
13.879367027478281,-0.018166382946622334,-0.021035835537819944,True
13.904510808325162,-0.030291615769890163,-0.029195307758573805,True
13.929654589172044,-0.04550253231036393,-0.04951618803568596,True
13.954798370018924,-0.08632941748162593,-0.08345999267062298,True
13.979942150865805,-0.1284765727351678,-0.13087655733354053,True
14.005085931712687,-0.18112492231751484,-0.18449092994740782,True
14.030229712559567,-0.22545557016084297,-0.21659085437739126,True
14.055373493406448,-0.20337953118190913,-0.20639849168569177,True
14.08051727425333,-0.16022950443773906,-0.15973027561159558,True
14.10566105510021,-0.10611698310789343,-0.1171472631850761,True
14.13080483594709,-0.05697779667693939,-0.04822137599835429,True
14.155948616793973,0.09993882627102095,0.12763634068802227,True
14.181092397640853,0.37522541590172587,0.3348224857666682,True
14.206236178487734,0.45633683418256427,0.4668938560117464,True
14.231379959334614,0.5020954613232625,0.5129211715052047,True
14.256523740181496,0.5481584228597539,0.5285846427059799,True
14.281667521028377,0.50388289220531,0.5232069106445084,True
14.306811301875257,0.5069868112338956,0.496324970307217,True
14.33195508272214,0.469741240028824,0.4806798948458092,True
14.35709886356902,0.42880538281798974,0.41250453176098273,True
14.3822426444159,0.29322080429779074,0.3018960655669911,True
14.407386425262782,0.16220566482970478,0.17256019694847052,True
14.432530206109663,0.033766743301203536,-0.005462190642287014,True
14.457673986956543,-0.21489205611917606,-0.1808165364502093,True
14.482817767803425,-0.24889593325550735,-0.22205727626307153,True
14.507961548650306,-0.13091781740314182,-0.18943421784267817,True
14.533105329497186,-0.23674830276918118,-0.22109863436538496,True
14.558249110344066,-0.25948664509946845,-0.20768466859541654,True
14.583392891190949,-0.07481156485080173,-0.14272932298980234,True
14.608536672037829,-0.16275817502725043,-0.14459100007712591,True
14.63368045288471,-0.210987743677876,-0.18207914452873336,True
14.658824233731591,-0.11911191326985836,-0.151577236810221,True
14.683968014578472,-0.12400931634370752,-0.10366808095211051,True
14.709111795425352,-0.08379647746903514,-0.10045731634766591,True
14.734255576272234,-0.09390433411741722,-0.07767039553729393,True
14.759399357119115,-0.05538737017640353,-0.06476034442024028,True
14.784543137965995,-0.05869601963498179,-0.06008669548999742,True
14.809686918812876,-0.0849293503040438,-0.08060405048078162,True
14.834830699659758,-0.09896187835263186,-0.10229318087444275,True
14.859974480506638,-0.1161299512211799,-0.11121112152909021,True
14.885118261353519,-0.11290472026232769,-0.11806822308654503,True
14.9102620422004,-0.12314368323642727,-0.11768618507520726,True
14.935405823047281,-0.12046347162129446,-0.12526331637798432,True
14.960549603894162,-0.14215152877564452,-0.14146823555597415,True
14.985693384741044,-0.16949710923014358,-0.17034039899435138,True
15.010837165587924,-0.1917612217449444,-0.18698956494512142,True
15.035980946434805,-0.18836649449777412,-0.19096748153409637,True
15.061124727281687,-0.19440488499762695,-0.19636024344351805,True
15.086268508128567,-0.21462350199640318,-0.21321578955143755,True
15.111412288975448,-0.23095693904393927,-0.23014073151663522,True
15.136556069822328,-0.24176310154800262,-0.24043380241774032,True
15.16169985066921,-0.25492231606823995,-0.25624970671539293,True
15.18684363151609,-0.2938233990173569,-0.29751237250234885,True
15.211987412362971,-0.3663689425912729,-0.3758341784167605,True
15.237131193209853,-0.4374235149943326,-0.4248902079678645,True
15.262274974056734,-0.36142393313352306,-0.33834753796474315,True
15.287418754903614,-0.13902892922462465,-0.17650896294854912,True
15.312562535750496,-0.040121845785848424,-0.02684531449817169,True
15.337706316597377,0.10268103477704793,0.12220216372264324,True
15.362850097444257,0.30187056503541165,0.2678972662553283,True
15.387993878291137,0.3421910931953107,0.3561014620856353,True
15.41313765913802,0.4047421198971183,0.4166766007824483,True
15.4382814399849,0.5083355087274184,0.4910789940309212,True
15.46342522083178,0.5325475129439432,0.5373143863080616,True
15.488569001678663,0.5582803905968892,0.5660302357390927,True
15.513712782525543,0.6108228771550696,0.6054356011725333,True
15.538856563372423,0.6250488480949189,0.6221360135386247,True
15.564000344219306,0.5986837320224585,0.6008508164544717,True
15.589144125066186,0.5634360273671399,0.5809441366171184,True
15.614287905913066,0.5257315808515912,0.5049377783393394,True
15.639431686759949,0.2877349646153545,0.2566491287576963,True
15.664575467606829,-0.10579488655909276,-0.06705719740964161,True
15.68971924845371,-0.24743095288326172,-0.2334708033741139,True
15.71486302930059,-0.18168592131226047,-0.1928863548085767,True
15.740006810147472,-0.11594088974125455,-0.12114234080657088,True
15.765150590994352,-0.12690523194171957,-0.13622759735232215,True
15.790294371841233,-0.2306047259231061,-0.23090980003557,True
15.815438152688115,-0.3343042199045,-0.3278923710626356,True
15.840581933534995,-0.34170936412624014,-0.32275604290267695,True
15.865725714381876,-0.23133071198374833,-0.25605098993492936,True
15.890869495228758,-0.20280089781401522,-0.19461952995786938,True
15.916013276075638,-0.16734931319025104,-0.16947729110435106,True
15.941157056922519,-0.13165464134069943,-0.12564474246198282,True
15.9663008377694,-0.07756915649576966,-0.08273506214138725,True
15.991444618616281,-0.05706061980423112,-0.059481454634654825,True
16.016588399463163,-0.0618278932159808,-0.05689590026851722,True
16.041732180310042,-0.05532676565930535,-0.05779498437139463,True
16.066875961156924,-0.05855294378289952,-0.058049539413948865,True
16.092019742003806,-0.06370624926108281,-0.06354366122704766,True
16.117163522850685,-0.06885955473926539,-0.06885651755801092,True
16.142307303697567,-0.07398259325993378,-0.07398088469051045,True
16.167451084544446,-0.07908053164687628,-0.07744009331680128,True
16.192594865391328,-0.0841784700338195,-0.08885790919866111,True
16.21773864623821,-0.10843995573869793,-0.10267355192241412,True
16.24288242708509,-0.11643507915629323,-0.1229025651752407,True
16.26802620793197,-0.1400086418713641,-0.13049702419843373,True
16.293169988778853,-0.13555144191428134,-0.1412706561221394,True
16.318313769625732,-0.1704231501662693,-0.1751704252608999,True
16.343457550472614,-0.24525927175020712,-0.23994572972660222,True
16.368601331319496,-0.30531043568494914,-0.30635257520691694,True
16.393745112166375,-0.3578185945980721,-0.3596778481649,True
16.418888893013257,-0.39786740669419357,-0.39462185057082744,True
16.44403267386014,-0.398849238564937,-0.39743044392234345,True
16.469176454707018,-0.3720212782411951,-0.3745855140175308,True
16.4943202355539,-0.34519331791744934,-0.3449393536369223,True
16.519464016400782,-0.3162590657309285,-0.31622537638441234,True
16.54460779724766,-0.2860751464250081,-0.29740459808386677,True
16.569751578094543,-0.2558912271190834,-0.23509398894209682,True
16.594895358941425,-0.09478003891253078,-0.09255780672969802,True
16.620039139788304,0.08555124169709753,0.06499081106424089,True
16.645182920635186,0.14746939607920084,0.15354699436664343,True
16.670326701482068,0.1932128963198392,0.19500564229506298,True
16.695470482328947,0.2541149011515751,0.24983305924605348,True
16.72061426317583,0.3405931995960258,0.3654637962132077,True
16.745758044022708,0.5130204029058927,0.4879167432918864,True
16.77090182486959,0.5416121618000863,0.5394895782115562,True
16.796045605716472,0.489460155827588,0.4949808622290762,True
16.82118938656335,0.44441953973689374,0.449048558309242,True
16.846333167410233,0.42993722692580105,0.43102586902758966,True
16.871476948257115,0.41545491411470836,0.40955051229511386,True
16.896620729103994,0.3577134735031444,0.35839850142221175,True
16.921764509950876,0.282338465185905,0.29361448914300914,True
16.946908290797758,0.20696345686866555,0.17246510222418893,True
16.972052071644637,0.01766840342421841,0.05444160063477582,True
16.99719585249152,0.0030140639109153267,-0.0025048221694530543,False
17.0223396333384,0.022540563263937677,0.012980297119136602,False
17.04748341418528,0.00017503068943101885,-0.004404626132279639,False
17.07262719503216,-0.028618966250446555,-0.008281442153999462,False
17.097770975879044,0.02505146959308737,0.006026777304453446,False
17.122914756725923,0.012808120910265786,0.01967308739046133,False
17.148058537572805,0.008227513758717449,0.007927203178244729,False
17.173202318419687,0.0047948985937897514,0.004393542177618972,False
17.198346099266566,-0.000500850690321567,-0.0003740281149050518,False
17.223489880113448,-0.005988368677428361,-0.005971931360028812,False
17.24863366096033,-0.011475886664535155,-0.011706152186859817,False
17.27377744180721,-0.016963404651641176,-0.016952459924240944,False
17.29892122265409,-0.019764491544957876,-0.019095584432784085,False
17.32406500350097,-0.017320404737032658,-0.0177699910542819,False
17.34920878434785,-0.014876317929107097,-0.01487631792910709,False
17.374352565194734,-0.012432231121181535,-0.009934480045723535,False
17.399496346041612,-0.00998814431325632,-0.02001921518361733,False
17.424640126888495,-0.03668448671900835,-0.020654524053611165,False
17.449783907735377,-0.004632527397902604,-0.0181843127980757,False
17.474927688582255,-0.012959766505704434,-0.005432103252808623,False
17.500071469429137,-0.0026895411961596755,-0.008809141186654839,False
17.52521525027602,-0.0026679265734652273,0.005354159598723431,False
17.5503590311229,0.029654335480625585,0.025999566428073537,False
17.57550281196978,0.04323549774215837,0.03708606824449824,True
17.600646592816663,0.02967278526695249,0.04004588867402538,True
17.62579037366354,0.052306767250195355,0.04546071423421678,True
17.650934154510423,0.05345847313789044,0.0539827762446952,True
17.676077935357306,0.055319550895791006,0.06019674575474657,True
17.701221716204184,0.0739647789102612,0.07113179679848569,True
17.726365497051066,0.06856832887984986,0.06822106664668198,True
17.75150927789795,0.03135583047381975,0.023007933209071012,True
17.776653058744827,-0.04139569391827473,-0.028561536517277303,True
17.80179683959171,-0.05601708715147736,-0.06298899086612086,True
17.82694062043859,-0.06857102842580183,-0.0636788173748056,True
17.85208440128547,-0.053781320270420735,-0.05301285655996764,True
17.877228182132352,-0.04344756080946223,-0.05148656840759958,True
17.90237196297923,-0.07833475812234028,-0.07853751757084008,True
17.927515743826113,-0.10541949831019931,-0.09666692080335955,True
17.952659524672995,-0.06931284057501891,-0.0846389142950707,True
17.977803305519874,-0.01673924836524217,0.012112729599738185,True
18.002947086366756,0.18438100827129233,0.17286672495363586,True
18.02809086721364,0.32952124969530827,0.29551196620064946,True
18.053234648060517,0.34848810164018734,0.40926388569691047,True
18.0783784289074,0.5678631639436632,0.5256432781127274,True
18.10352220975428,0.6051772224483639,0.6096515326367997,True
18.12866599060116,0.5705263976911672,0.5760716368687251,True
18.153809771448042,0.5218065246771955,0.5175712800248522,True
18.178953552294924,0.45221898134005933,0.4755719686265382,True
18.204097333141803,0.4043763332240377,0.36360885214142297,True
18.229241113988685,0.1484396275311534,0.15446560033364115,True
18.254384894835567,-0.06980947590606751,-0.03976999025443112,True
18.279528675682446,-0.07489233328412379,-0.05935949806193998,True
18.304672456529328,-0.041790966735272515,-0.11554781603093131,True
18.32981623737621,-0.3267038093172481,-0.30012682632760357,True
18.35496001822309,-0.4253327189717648,-0.34403355337380936,True
18.38010379906997,-0.14344435518638796,-0.2591113565055659,True
18.405247579916853,-0.2352956427581619,-0.1517375052371424,True
18.430391360763732,-0.10569515776038729,-0.1564298282809323,True
18.455535141610614,-0.13429641401159068,-0.11291824623316779,True
18.480678922457493,-0.1088484359239395,-0.10544736192594044,True
18.505822703304375,-0.06651220532453397,-0.08155583263364267,True
18.530966484151257,-0.08412790068379608,-0.06764459780876919,True
18.556110264998136,-0.06302671519921245,-0.0796384243133994,True
18.581254045845018,-0.09684504227691643,-0.08060078308284642,True
18.6063978266919,-0.08541600232419302,-0.1015831072941638,True
18.63154160753878,-0.11808907301247686,-0.10185245408313284,True
18.65668538838566,-0.0955975073635428,-0.10887806459705765,True
18.681829169232543,-0.10810177924151207,-0.09757250246046424,True
18.70697295007942,-0.09082252811949872,-0.09879889661083131,True
18.732116730926304,-0.10182195591617428,-0.09637417245058194,True
18.757260511773186,-0.10610463215132938,-0.1095966949583333,True
18.782404292620065,-0.13223260010999788,-0.1343593570826279,True
18.807548073466947,-0.16802717032883385,-0.16139932682709146,True
18.83269185431383,-0.17649748866380705,-0.18110775532740114,True
18.857835635160708,-0.1979775418245475,-0.1960529362901686,True
18.88297941600759,-0.2190148721120866,-0.2222154773809934,True
18.908123196854472,-0.24861075306187513,-0.24196748661134881,True
18.93326697770135,-0.2584260634054497,-0.2651623117640132,True
18.958410758548233,-0.29762645713048563,-0.2981855901278827,True
18.983554539395115,-0.33678802404141567,-0.34537789670826335,True
19.008698320241994,-0.3399636356397055,-0.3099578556839755,True
19.033842101088876,-0.17099098231359633,-0.17789600079887286,True
19.058985881935754,-0.04377518726817832,-0.07086710438588892,True
19.084129662782637,-0.09166282471364771,-0.08376833391990776,True
19.10927344362952,-0.13192810248690975,-0.12506897963798153,True
19.134417224476397,-0.07394762101850194,-0.06365579877053235,True
19.15956100532328,0.09287891935687578,0.09103753435504736,True
19.184704786170162,0.2590805587448782,0.2452292825921542,True
19.20984856701704,0.33666916227249105,0.3365536470780705,True
19.234992347863923,0.39925481684847874,0.4188947557363693,True
19.260136128710805,0.5217952866498438,0.49932496128552284,True
19.285279909557683,0.5501157154948627,0.5612658128029137,True
19.310423690404566,0.5921950431188864,0.600747851980621,True
19.335567471251448,0.6259277406633339,0.5940460715298626,True
19.360711252098326,0.5294255092160496,0.561130716613045,True
19.38585503294521,0.5527528564220411,0.5442239507407923,True
19.41099881379209,0.5760802036280326,0.5770682454217988,True
19.43614259463897,0.5790818717953137,0.5718791850263978,True
19.46128637548585,0.5299050276245649,0.5349407004666381,True
19.486430156332734,0.48072818345381607,0.4866216708751072,True
19.511573937179612,0.42498033513024036,0.4252492226386492,True
19.536717718026495,0.28733312525261134,0.25815566817254326,True
19.561861498873377,-0.010678824511736462,-0.0034369322158563885,True
19.587005279720255,-0.20711722656134218,-0.16738182081120687,True
19.612149060567138,-0.12453253674667955,-0.13931085204834262,True
19.637292841414016,-0.04905494466980062,-0.07182815154333841,True
19.6624366222609,-0.09440096141335437,-0.08636195215783987,True
19.68758040310778,-0.10859968453538163,-0.08721020296974022,True
19.71272418395466,-0.033468652908258595,-0.061386912144143255,True
19.73786796480154,-0.06036935700351084,-0.04608324281734934,True
19.763011745648424,-0.054950262874009184,-0.05775669484957589,True
19.788155526495302,-0.04953116874450829,-0.04951720730305281,True
19.813299307342184,-0.04369016645815096,-0.04360959867215568,True
19.838443088189067,-0.037168231341726865,-0.03554877228694971,True
19.863586869035945,-0.030646296225303696,-0.034606685580453905,True
19.888730649882827,-0.04369898291134896,-0.039856302073087595,True
19.91387443072971,-0.04969637072557752,-0.05317946747983774,True
19.939018211576588,-0.06683981544008652,-0.06441816262057948,True
19.96416199242347,-0.07269454402727024,-0.07202827958548746,True
19.989305773270353,-0.07307839968710479,-0.07501493255953945,True
20.01444955411723,-0.08158231077369828,-0.08080269726275263,True
20.039593334964113,-0.08920432212942066,-0.09020397358143888,True
20.064737115810996,-0.09603796955767395,-0.09289924420421238,True
20.089880896657874,-0.0905141885883138,-0.0944418425166482,True
20.115024677504756,-0.09768237720824699,-0.09520913497127291,True
20.14016845835164,-0.0967693042404784,-0.09706954181959294,True
20.165312239198517,-0.09585623127270994,-0.0961919854878176,True
20.1904560200454,-0.0995216481363066,-0.10002746566272774,True
20.215599800892278,-0.10842691215304337,-0.10697634982651762,True
20.24074358173916,-0.1173321761697814,-0.1187005959006609,True
20.265887362586042,-0.13792082017618165,-0.13894940211963866,True
20.29103114343292,-0.16591132730164346,-0.16277193145811725,True
20.316174924279803,-0.18502205800190005,-0.19265826315836998,True
20.341318705126685,-0.21559765757382313,-0.21131959232620331,True
20.366462485973564,-0.18889371115546766,-0.17800535563288328,True
20.391606266820446,-0.08607656510711877,-0.09559496792351761,True
20.41675004766733,-0.015343380219211878,-0.017604713107098522,True
20.441893828514207,0.026156715575804734,0.030374052391073943,True
20.46703760936109,0.06765681137082721,0.06643070708857225,True
20.49218139020797,0.0891877334139442,0.08132459685830253,True
20.51732517105485,0.08508485791288518,0.09229196695095249,True
20.542468951901732,0.14142015422453208,0.14910930340572726,True
20.567612732748614,0.2601826529283142,0.2522993843229997,True
20.592756513595493,0.35365464415638287,0.3558963842132987,True
20.617900294442375,0.42608988510289064,0.42204263209640214,True
20.643044075289257,0.45558849896463643,0.4512608839131499,True
20.668187856136136,0.46746856068078224,0.4861743800677595,True
20.693331636983018,0.5375369874578309,0.5161237133898837,True
20.7184754178299,0.5233661369875472,0.5435948485315532,True
20.74361919867678,0.5323498977544102,0.5125723067240671,True
20.76876297952366,0.4358805235628264,0.43713289759563523,True
20.79390676037054,0.3360888302378688,0.36063632615198793,True
20.819050541217422,0.32049460322183854,0.29439590924186976,True
20.844194322064304,0.19023017562564454,0.1910356135905621,True
20.869338102911183,0.05091264365983022,0.0649697818066011,True
20.894481883758065,-0.001237672722433622,-0.006607389433183424,True
20.919625664604947,-0.034000398613637114,-0.03417013098042576,True
20.944769445451826,-0.052508464147522874,-0.05237896717110477,True
20.969913226298708,-0.059914588511965815,-0.05614485270761856,True
20.99505700714559,-0.06088228895305173,-0.0679935093172577,True
21.02020078799247,-0.10405533376758405,-0.10475408034057723,True
21.04534456883935,-0.15511325366996276,-0.1552069126015661,True
21.070488349686233,-0.171583536023,-0.16285917641768116,True
21.09563213053311,-0.10990098065413509,-0.10435376580816241,True
21.120775911379994,-0.028284582786193363,-0.04558971247963252,True
21.145919692226876,-0.04967084417834764,-0.049263952991455695,True
21.171063473073755,-0.09510308683298004,-0.08535657687372397,True
21.196207253920637,-0.090371696599545,-0.09012778322942373,True
21.22135103476752,-0.07497634218548392,-0.08325372168354828,True
21.246494815614398,-0.09126234828298577,-0.08538404207562389,True
21.27163859646128,-0.08500561210682155,-0.08204692230274502,True
21.296782377308162,-0.07056226995765039,-0.08339297338121127,True
21.32192615815504,-0.09680650585035705,-0.07761157636246148,True
21.347069939001923,-0.06292096385828244,-0.083207196668797,True
21.3722137198488,-0.09202913208021526,-0.07317631027287387,True
21.397357500695684,-0.07058178249227387,-0.08648789370119368,True
21.422501281542566,-0.10497927482289236,-0.09401205925851672,True
21.447645062389444,-0.11605067136310639,-0.12571191180260277,True
21.472788843236327,-0.15257588265500005,-0.14155760394315495,True
21.49793262408321,-0.15062034744653252,-0.1594575680578422,True
21.523076404930087,-0.17479608945718822,-0.1711763036889559,True
21.54822018577697,-0.18661422527450444,-0.18697579439391246,True
21.57336396662385,-0.18981670544872778,-0.18255998619666522,True
21.59850774747073,-0.18392717413701026,-0.20086051107170658,True
21.623651528317613,-0.25313100010389916,-0.2414967660756034,True
21.648795309164495,-0.2840579545424835,-0.285700217235394,True
21.673939090011373,-0.29907053897596797,-0.29970777404706317,True
21.699082870858255,-0.30137152351026647,-0.3138111940947472,True
21.724226651705138,-0.28672926908851376,-0.2531621814504074,True
21.749370432552016,-0.10578264650156732,-0.1237871521341526,True
21.7745142133989,-0.0007865489848576518,-0.030860403837258334,True
21.79965799424578,-0.003943304060319513,0.04647398622765046,True
21.82480177509266,0.2034064006947872,0.1879759588305988,True
21.84994555593954,0.3517201576768856,0.3177250417907411,True
21.875089336786424,0.35147738103126197,0.3999384016282655,True
21.900233117633302,0.5097671702415533,0.4820763326202203,True
21.925376898480184,0.5683000511596861,0.5705691860984561,True
21.950520679327063,0.5918463218864679,0.5975757832610276,True
21.975664460173945,0.6187030395703871,0.6149383465926638,True
22.000808241020827,0.6203235453233995,0.6258792263144135,True
22.025952021867706,0.6120825983308954,0.602783361004787,True
22.05109580271459,0.544538679549764,0.5464794946636423,True
22.07623958356147,0.47674137207482276,0.513291847358962,True
22.10138336440835,0.44509741600563846,0.37256771368022956,True
22.12652714525523,0.059591339793484195,0.07050599855525704,True
22.151670926102113,-0.22361246764726486,-0.14507558223627592,True
22.176814706948992,-0.07568730295625066,-0.14064879750217002,True
22.201958487795874,-0.08407012590131928,-0.043856755249462434,True
22.227102268642756,-0.07831379321459027,-0.15869758174860674,True
22.252246049489635,-0.3571271525665122,-0.279093601059484,True
22.277389830336517,-0.28140818539734047,-0.2776918490555668,True
22.3025336111834,-0.12244630739599116,-0.18631595468711448,True
22.327677392030278,-0.19488819157207177,-0.12713265675978408,True
22.35282117287716,-0.06823462587208315,-0.11734797465036544,True
22.377964953724042,-0.10246763771921483,-0.07926459545122425,True
22.40310873457092,-0.0845801854566954,-0.08952814504997952,True
22.428252515417803,-0.07226738722097631,-0.0715864327111698,True
22.453396296264685,-0.06549816589352718,-0.06921874184947233,True
22.478540077111564,-0.07218591363689315,-0.0632971586985822,True
22.503683857958446,-0.05683730312759212,-0.07071954637013092,True
22.528827638805325,-0.08766114798910275,-0.07237932721227022,True
22.553971419652207,-0.07090675734861723,-0.08496208353678328,True
22.57911520049909,-0.09111134939637353,-0.07685944424634283,True
22.604258981345968,-0.06883333679400533,-0.08248725272185138,True
22.62940276219285,-0.09090335895350397,-0.07935102754312026,True
22.654546543039732,-0.08485636946198966,-0.0938527768355444,True
22.67969032388661,-0.11300452169439187,-0.10910361631811094,True
22.704834104733493,-0.13270188300083421,-0.1325147467212512,True
22.729977885580375,-0.14681308345471722,-0.14646501321801908,True
22.755121666427254,-0.16038600972457603,-0.16181597253215668,True
22.780265447274136,-0.18252936790709004,-0.18164376539560131,True
22.805409228121018,-0.20566896467716358,-0.20178734442720936,True
22.830553008967897,-0.23256263601040164,-0.24221294719782197,True
22.85569678981478,-0.31125378746520704,-0.3104559786038188,True
22.88084057066166,-0.37719886074674397,-0.3764954788260836,True
22.90598435150854,-0.37516206760970433,-0.35834198014108953,True
22.931128132355422,-0.2581137422164828,-0.26694933883403216,True
22.956271913202304,-0.1752585725299781,-0.1995748635512336,True
22.981415694049183,-0.17271928597501102,-0.1337588332440876,True
23.006559474896065,-0.01292854806175378,-0.027730880557026882,True
23.031703255742947,0.08714236050551545,0.07443310628852937,True
23.056847036589826,0.08321603813403824,0.09096271201066562,True
23.081990817436708,0.07928971576256048,0.0742323279756296,True
23.10713459828359,0.08898276243584162,0.10259966147835438,True
23.13227837913047,0.18491740471283394,0.17821158095644846,True
23.15742215997735,0.28085204698983984,0.2807399813475836,True
23.18256594082423,0.3687797041543245,0.3641632009759286,True
23.20770972167111,0.4420008235867406,0.4512275347106788,True
23.232853502517994,0.5476750564154907,0.5506472902783588,True
23.257997283364872,0.6253170906563624,0.6041525134264507,True
23.283141064211755,0.5797655525916795,0.6017376321001995,True
23.308284845058637,0.5627791361860657,0.540849818590355,True
23.333428625905515,0.4697756078047425,0.49099420450916587,True
23.358572406752398,0.45201477242955307,0.4438638102567384,True
23.38371618759928,0.4132061401573988,0.4062019584142271,True
23.40885996844616,0.3521537797680169,0.36405052120655207,True
23.43400374929304,0.3493772137114777,0.3458420693321328,True
23.459147530139923,0.3466006476549385,0.3510678954583948,True
23.4842913109868,0.32679163835791153,0.31347737163201583,True
23.509435091833684,0.22079985153958365,0.23153330456420315,True
23.534578872680566,0.11480806472125576,0.10383522755546548,True
23.559722653527444,-0.030224563196333237,-0.04410593042411897,True
23.584866434374327,-0.12532243971155838,-0.061478690824164406,True
23.61001021522121,0.08043931200137196,0.03391655574699247,True
23.635153996068087,0.09314183174865295,0.07511256932677146,True
23.66029777691497,-0.03836825102909282,-0.006348665557925978,True
23.685441557761852,-0.05490291196929215,-0.0643953579773256,True
23.71058533860873,-0.07083595720631829,-0.07610742216835784,True
23.735729119455613,-0.08979598944748743,-0.0762046684565455,True
23.76087290030249,-0.05391118684298728,-0.06744477475520029,True
23.786016681149373,-0.06387513910399434,-0.057999614789956216,True
23.811160461996256,-0.06248957696586627,-0.06357691501195724,True
23.836304242843134,-0.0611040148277384,-0.06114666057565812,True
23.861448023690016,-0.05838235655101763,-0.057953497476682686,True
23.8865918045369,-0.05249097227138048,-0.05228273284539742,True
23.911735585383777,-0.04659958799174416,-0.047346478993233077,True
23.93687936623066,-0.04630738968482794,-0.04644763046614714,True
23.96202314707754,-0.04849983497264669,-0.04742993407293644,True
23.98716692792442,-0.048426239028491004,-0.05039534726905366,True
24.012310708771302,-0.053818094188937446,-0.05070956445672599,True
24.037454489618185,-0.04943396331733131,-0.05238352037256958,True
24.062598270465063,-0.05629858948615131,-0.054668040571278095,True
24.087742051311945,-0.061025216790096,-0.06180818513337288,True
24.112885832158828,-0.06925015999738442,-0.06913442746036154,True
24.138029613005706,-0.07747510320467167,-0.0776363639502112,True
24.16317339385259,-0.08355194344054594,-0.08243626974154544,True
24.18831717469947,-0.0834512023689671,-0.08396834879077256,True
24.21346095554635,-0.0861595948089004,-0.08681484811424443,True
24.23860473639323,-0.09463046065824689,-0.09418095950207783,True
24.263748517240114,-0.10417251791922665,-0.1044086930536237,True
24.288892298086992,-0.11533866474936481,-0.11387135333686985,True
24.314036078933874,-0.12592642273822027,-0.12845784540129976,True
24.339179859780753,-0.1508519466211257,-0.1478018855676206,True
24.364323640627635,-0.17549812673081902,-0.185210708369726,True
24.389467421474517,-0.22083189902426337,-0.22145885532236437,True
24.414611202321396,-0.19450674700450593,-0.1676760714325349,True
24.439754983168278,0.0031383359699186097,-0.013104780042825481,True
24.46489876401516,0.1587398082008144,0.1482161895716842,True
24.49004254486204,0.24843714813866666,0.26652351057112095,True
24.51518632570892,0.37114538490714566,0.358717701516992,True
24.540330106555803,0.41477198591795317,0.4136330640467513,True
24.565473887402682,0.41221405813458156,0.4152866249621284,True
24.590617668249564,0.4096561303512095,0.41045074490124667,True
24.615761449096446,0.41743611837396644,0.4185052104811816,True
24.640905229943325,0.43662143492521205,0.4377376877422316,True
24.666049010790207,0.4558067514764604,0.45008882315789456,True
24.69119279163709,0.45056378996732854,0.45707076084702714,True
24.716336572483968,0.4631734360540326,0.4600201672392326,True
24.74148035333085,0.46000191512963645,0.45949427011920885,True
24.766624134177732,0.4442035887598684,0.4617073008892205,True
24.79176791502461,0.42485534363211,0.39638825254192106,True
24.816911695871493,0.20682409159129891,0.18394689193975292,True
24.842055476718375,-0.07290719279875794,-0.025441924382931455,True
24.867199257565254,-0.010454872372884838,0.02292058595506643,True
24.892343038412136,0.2443032251827841,0.18433741509070498,True
24.917486819259015,0.15210892502268278,0.12389075946769243,True
24.942630600105897,-0.12669482995783193,-0.050856115430559935,True
24.96777438095278,-0.10255316538851608,-0.15140027610761247,True
24.992918161799658,-0.170696209717299,-0.18224692893918143,True
25.01806194264654,-0.15647113300265175,-0.14255458827186113,False
