stride,start_s,end_s,stride_time_s,stride_length_m,stride_height_m,valid,reason
1,8.024572372436523,9.303045272827148,1.278472900390625,1.2025673716014524,0.0780612321206256,True,
2,9.303045272827148,10.575528383255005,1.2724831104278564,2.934569438600392,0.027295269165762748,False,length 2.93m out of range
3,10.575528383255005,11.92557954788208,1.3500511646270752,1.996315784368989,0.11510139815154186,True,
4,11.92557954788208,13.273868560791016,1.3482890129089355,1.8308447426970649,0.06736522424260305,True,
5,13.273868560791016,14.697741746902466,1.4238731861114502,1.8725854265640516,0.1730599019345091,True,
6,14.697741746902466,15.977707147598267,1.2799654006958008,2.133860098957156,0.03406745078197287,True,
7,15.977707147598267,17.325214385986328,1.3475072383880615,2.490955060674859,0.13014490157072367,True,
8,17.325214385986328,18.59748649597168,1.2722721099853516,1.5677133180636704,0.1554892648184602,True,
9,18.59748649597168,19.875473022460938,1.2779865264892578,2.992955788918986,0.08520990530080486,False,length 2.99m out of range
10,19.875473022460938,21.14762568473816,1.2721526622772217,2.020066696929246,0.12173354162048489,True,
11,21.14762568473816,22.505650281906128,1.3580245971679688,2.0945646645377116,0.16365429959883726,True,
12,22.505650281906128,23.927277326583862,1.4216270446777344,1.6538403493983111,0.17847064592029727,True,
